t,z,authority_ratio,turns,release,valve,afilt,bhat,vz,state,itki,safety,thrust
0,0.4013,1.47858850882,0.1,0,0.3,0,14.5,0,0,0,0,0
0.01,0.40120419663,1.47858850882,0.1,0,0.3,-0.146480793317,14.5,-0.0183100991646,0,0,0,0.00493921242772
0.02,0.400953095317,1.47858850882,0.1,0,0.3,-0.234413963856,14.5,-0.0307665534152,0,0,0,0.00493921769247
0.03,0.400614077503,1.47858850882,0.1,0,0.3,-0.255524520811,14.5,-0.0357495126731,0,0,0,0.00493922250272
0.04,0.400263497413,1.47858850882,0.1,0,0.3,-0.214731550035,14.5,-0.0332056365343,1,0,0,0.00493922691061
0.05,0.399970268075,1.47858850882,0.1,0,0,-0.129015398043,14.5,-0.0246384330355,1,0,0,0.00493923096229
0.06,0.399782219509,1.47858850882,0.1,0,0,-0.0228045649035,14.5,-0.0126522328736,1,0,0,0.00493923469863
0.07,0.399718761282,1.47858850882,0.1,0,0,0.0786979652377,14.5,-0.000192462254947,1,0,0,0.00493923815582
0.08,0.399771353938,1.47858850882,0.1,0,0,0.155570196148,14.5,0.0102035462613,1,0,0,0.00493924136586
0.09,0.399910296082,1.47858850882,0.1,0,0,0.196637656917,14.5,0.0168926808188,1,0,0,0.00493924435711
0.1,0.400094675924,1.47858850882,0.1,0,0,0.199963985075,14.5,0.0192748484077,1,0,0,0.00493924715467
0.11,0.400282374973,1.47858850882,0.1,0,0,0.171154267646,14.5,0.0176732735799,1,0,0,0.00493924978076
0.12,0.40043804251,1.47858850882,0.1,0,0,0.120623913371,14.5,0.0130685219719,1,0,0,0.00493925225503
0.13,0.400538141386,1.47858850882,0.1,0,0,0.0607696991127,14.5,0.00679298432338,1,0,0,0.00493925459493
0.14,0.400573017642,1.47858850882,0.1,0,0,0.00354577268079,14.5,0.000247690510516,1,0,0,0.00493925681585
0.15,0.400546361898,1.47858850882,0.1,0,0,-0.0413925369427,14.5,-0.00533414046562,1,0,0,0.00493925893144
0.16,0.40047257829,1.47858850882,0.1,0,0,-0.0679494711896,14.5,-0.0090676826159,1,0,0,0.00493926095378
0.17,0.40037267616,1.47858850882,0.1,0,0,-0.0742009022879,14.5,-0.0105286062151,1,0,0,0.00493926289356
0.18,0.400269459229,1.47858850882,0.1,0,0,-0.0622656092161,14.5,-0.00977870360398,1,0,0,0.00493926476026
0.19,0.400182936276,1.47858850882,0.1,0,0,-0.0374239186134,14.5,-0.00729614837081,1,0,0,0.00493926656225
0.2,0.400126854281,1.47858850882,0.1,0,0,-0.00666568147723,14.5,-0.00382560791493,1,0,0,0.00493926830695
0.21,0.400106969714,1.47858850882,0.1,0,0,0.0229631439632,14.5,-0.000188661549644,1,0,0,0.00493927000091
0.22,0.400121199845,1.47858850882,0.1,0,0,0.0457910814384,14.5,0.00289446207439,1,0,0,0.00493927165002
0.23,0.400161320624,1.47858850882,0.1,0,0,0.0584193372191,14.5,0.00493090486136,1,0,0,0.00493927325935
0.24,0.400215577789,1.47858850882,0.1,0,0,0.059984269808,14.5,0.00571071480717,2,0,0,0.00493927483345
0.25,0.400271507604,1.47858850882,0.1,0,0.3,0.0518626826512,14.5,0.00529535911064,2,0,0,0.00493927637645
0.26,0.400318380868,1.47858850882,0.1,0,0.3,0.0370108381098,14.5,0.00395750536948,2,0,0,0.00493927789182
0.27,0.40034889496,1.47858850882,0.1,0,0.3,0.0191456989921,14.5,0.00209447136087,2,0,0,0.00493927938276
0.28,0.400359955732,1.47858850882,0.1,0,0.3,0.00194474741216,14.5,0.000135809403295,2,0,0,0.00493928085207
0.29,0.400352574423,1.47858850882,0.1,0,0.3,-0.0116098096619,14.5,-0.00153906275684,2,0,0,0.00493928230218
0.3,0.400331039988,1.47858850882,0.1,0,0.3,-0.0196637583161,14.5,-0.00266190443523,2,0,0,0.00493928373542
0.31,0.400301618424,1.47858850882,0.1,0,0.3,-0.0216627681329,14.5,-0.00310841824549,2,0,0,0.00493928515359
0.32,0.400271078096,1.47858850882,0.1,0,0.3,-0.0182648470891,14.5,-0.00290030579635,2,0,0,0.00493928655846
0.33,0.400245337808,1.47858850882,0.1,0,0.3,-0.0110380967624,14.5,-0.0021796104764,2,0,0,0.00493928795151
0.34,0.400228478035,1.47858850882,0.1,0,0.3,-0.00202573832456,14.5,-0.0011634466393,2,0,0,0.00493928933423
0.35,0.400222255237,1.47858850882,0.1,0,0.3,0.00671833453729,14.5,-9.06949148117e-05,2,0,0,0.00493929070765
0.36,0.400226138536,1.47858850882,0.1,0,0.3,0.0135249301383,14.5,0.000827312880689,2,0,0,0.00493929207289
0.37,0.40023777861,1.47858850882,0.1,0,0.3,0.0173661044569,14.5,0.00144270897189,2,0,0,0.00493929343089
0.38,0.400253746143,1.47858850882,0.1,0,0.3,0.0179445886566,14.5,0.00168868054143,2,0,0,0.0049392947824
0.39,0.400270352281,1.47858850882,0.157641,0,0.3,0.015628430066,14.5,0.00157860660417,2,0,0,0.00493929612835
0.4,0.400284381736,1.47858850882,0.215282,0,0.3,0.0112714600011,14.5,0.00119026964672,2,0,0,0.0049392974692
0.41,0.400362666835,1.47858850882,0.272923,0,0.3,0.122658123584,14.5,0.0152263171946,2,0,0,49.5997269337
0.42,0.400641010617,1.47858850882,0.272923,0,0.3,0.313548084176,14.5,0.0403141435045,2,0,0,98.9049967385
0.43,0.401187890841,1.47858850882,0.325936583731,0,0.3,0.508729740195,14.5,0.0678473313485,2,0,0,138.198196213
0.44,0.401949084709,1.47858850882,0.369695334925,0,0.3,0.580962310452,14.5,0.0819637000326,2,0,0,138.12612499
0.45,0.402813065779,1.47858850882,0.404199253581,0,0.3,0.593027240461,14.5,0.0892814393883,2,0,0,160.550216405
0.46,0.403721131272,1.47858850882,0.429448339699,0,0.3,0.559366886421,14.5,0.0910041675379,2,0,0,178.9854529
0.47,0.404621350726,1.47858850882,0.44544259328,0,0.3,0.490606521097,14.5,0.0880027907365,2,0,0,193.453080712
0.48,0.405471611869,1.47858850882,0.452182014323,0,0.3,0.39762729197,14.5,0.0812864523068,2,0,0,203.971752737
0.49,0.406238946577,1.47858850882,0.45323801671,0,0.3,0.288589235909,14.5,0.0716329682188,2,0,0,210.557836603
0.5,0.406896046312,1.47858850882,0.45323801671,0,0.3,0.167784758291,14.5,0.0594183008756,2,0,0,213.227274038
0.51,0.407419268964,1.47858850882,0.45323801671,0,0.3,0.0397110012597,14.5,0.0450869288296,2,0,0,213.497368878
0.52,0.407792549527,1.47858850882,0.45323801671,0,0.3,-0.0889024063034,14.5,0.0294073628968,2,0,0,213.322160069
0.53,0.408005209428,1.47858850882,0.45323801671,0,0.3,-0.212535102311,14.5,0.0130642518328,2,0,0,213.147002185
0.54,0.408053508546,1.47858850882,0.45323801671,0,0.3,-0.327060289802,14.5,-0.00337674762664,2,0,0,212.972003107
0.55,0.407939167681,1.47858850882,0.45323801671,0,0.3,-0.428831319112,14.5,-0.0193687291884,2,0,0,212.797170103
0.56,0.407669777231,1.47858850882,0.45323801671,0,0.3,-0.513708175412,14.5,-0.034266649417,2,0,0,212.622504597
0.57,0.407260280272,1.47858850882,0.45323801671,0,0.3,-0.576337929906,14.5,-0.0472324504829,2,0,0,212.448006905
0.58,0.406735167735,1.47858850882,0.45323801671,0,0.3,-0.609935664154,14.5,-0.0571955465629,2,0,0,212.273677007
0.59,0.406130546903,1.47858850882,0.45323801671,0,0.3,-0.607007249791,14.5,-0.0629288514091,2,0,0,212.099514774
0.6,0.405494619193,1.47858850882,0.45323801671,1,0.3,-0.561388375014,14.5,-0.0632965645599,2,0,0,211.92552004
0.61,0.404884847587,1.47858850882,0.45323801671,1,0.3,-0.471346709917,14.5,-0.057655240173,2,0,0,211.751692628
0.62,0.404360920051,1.47858850882,0.45323801671,1,0.3,-0.34245850226,14.5,-0.046257681315,2,0,0,211.578032355
0.63,0.403974658871,1.47858850882,0.45323801671,1,0.3,-0.188377672221,14.5,-0.0304221625827,3,0,0,211.404539039
0.64,0.403760118165,1.47858850882,0.45323801671,1,0.3,-0.0284597036205,14.5,-0.0123161932298,3,0,0,211.231212497
0.65,0.403727591564,1.47858850882,0.45323801671,1,0.3,0.116970307245,14.5,0.00557796109209,3,0,0,211.058052545
0.66,0.403863523101,1.47858850882,0.45323801671,1,0.3,0.231486034866,14.5,0.0210621301172,3,0,0,210.885059002
0.67,0.404135645435,1.47858850882,0.45323801671,1,0.3,0.305569497856,14.5,0.0326374233396,3,0,0,210.712231685
0.68,0.404500844176,1.47858850882,0.45323801671,1,0.3,0.337075259835,14.5,0.0396313385655,3,0,0,210.539570411
0.69,0.404913007883,1.47858850882,0.45323801671,1,0.3,0.32973424826,14.5,0.042084464717,3,0,0,210.367074999
0.7,0.405329041716,1.47858850882,0.45323801671,1,0.3,0.290822812244,14.5,0.0405178776976,3,0,0,210.194745265
0.71,0.405712451506,1.47858850882,0.45323801671,1,0.3,0.228975898351,14.5,0.0356952415834,3,0,0,210.02258103
0.72,0.406034822031,1.47858850882,0.45323801671,1,0.3,0.15266422655,14.5,0.0284460415918,3,0,0,209.85058211
0.73,0.406275920424,1.47858850882,0.45323801671,1,0.3,0.0694195182892,14.5,0.0195670953247,3,0,0,209.678748326
0.74,0.406423160353,1.47858850882,0.45323801671,1,0.33,-0.0143539331671,14.5,0.00978960907558,3,0,0,209.507079495
0.75,0.406470962878,1.47858850882,0.45323801671,1,0.33,-0.0932242539407,14.5,-0.000212720352792,3,0,0,209.335575438
0.76,0.40642030216,1.47858850882,0.45323801671,1,0.33,-0.162452837859,14.5,-0.00979853588194,3,0,0,209.164235974
0.77,0.406278500853,1.47858850882,0.45323801671,1,0.33,-0.217765672395,14.5,-0.0183371685775,3,0,0,208.993060922
0.78,0.40605915029,1.47858850882,0.45323801671,1,0.33,-0.255310852889,14.5,-0.0252079728633,3,0,0,208.822050102
0.79,0.405781872823,1.47858850882,0.506256847162,1,0.33,-0.271896763081,14.5,-0.0298343201661,3,0,0,208.651203335
0.8,0.405471544483,1.47858850882,0.550031338518,1,0.33,-0.265528320027,14.5,-0.0317572324152,3,0,0,208.48052044
0.81,0.405189585937,1.47858850882,0.584561490777,1,0.33,-0.178841692598,14.5,-0.0235766871869,3,0,0,231.310834833
0.82,0.405044163345,1.47858850882,0.60984730394,1,0.33,-0.013443905434,14.5,-0.00469038071734,3,0,0,257.657114724
0.83,0.405123290997,1.47858850882,0.625888778006,1,0.33,0.190828361051,14.5,0.0207092135389,3,0,0,278.314996987
0.84,0.40546862832,1.47858850882,0.632685912976,1,0.33,0.393918378257,14.5,0.0480037493002,3,0,0,293.310213842
0.85,0.406079481942,1.47858850882,0.633773395687,1,0.33,0.566178381057,14.5,0.0734754334328,3,0,0,302.666851383
0.86,0.406925211588,1.47858850882,0.633773395687,1,0.33,0.691718024141,14.5,0.0948296726288,3,0,0,306.408803083
0.87,0.40796231667,1.47858850882,0.633773395687,1,0.33,0.772186317779,14.5,0.111805389575,3,0,0,306.694688802
0.88,0.409152599788,1.47858850882,0.633773395687,1,0.33,0.823498706679,14.5,0.125941301365,3,0,0,306.323528655
0.89,0.410478811208,1.47858850882,0.633773395687,1,0.33,0.864318330786,14.5,0.139278741445,3,0,0,305.952720826
0.9,0.411937722905,1.47858850882,0.633773395687,1,0.33,0.900793841933,14.5,0.152481363647,3,0,0,305.582424116
0.91,0.413527987378,1.47858850882,0.581025075859,1,0.33,0.933274050562,14.5,0.165549328145,3,0,0,305.212648666
0.92,0.415248259004,1.47858850882,0.543806116375,1,0.33,0.962080107158,14.5,0.178482825725,3,0,0,304.84339599
0.93,0.417053795724,1.47858850882,0.522116517233,1,0.33,0.910813614663,14.5,0.181695315234,3,0,0,275.03239083
0.94,0.41884471743,1.47858850882,0.515154057749,1,0.33,0.790142213764,14.5,0.175719526269,3,0,0,250.346915458
0.95,0.420547834553,1.47858850882,0.515154057749,1,0.33,0.637090730629,14.5,0.164489513015,3,0,0,237.136208572
0.96,0.422127544438,1.47858850882,0.515154057749,1,0.33,0.480790168958,14.5,0.151322850112,3,0,0,232.754897967
0.97,0.423573807272,1.47858850882,0.515154057749,1,0.33,0.33507826043,14.5,0.137916763236,3,0,0,232.539032016
0.98,0.424885616905,1.47858850882,0.515154057749,1,0.33,0.200395707164,14.5,0.124432226682,3,0,0,232.323545243
0.99,0.426062189297,1.47858850882,0.515154057749,1,0.33,0.0758608702889,14.5,0.110869329144,3,0,0,232.108314932
1,0.427102741264,1.47858850882,0.515154057749,1,0.33,-0.0393373867795,14.5,0.0972281557131,3,0,0,231.893325859
1.01,0.428006490472,1.47858850882,0.515154057749,1,0.33,-0.145945310609,14.5,0.0835087913666,3,0,0,231.678572678
1.02,0.428772655436,1.47858850882,0.515154057749,1,0.33,-0.244649448916,14.5,0.0697113209721,3,0,0,231.464053334
1.03,0.42940045552,1.47858850882,0.515154057749,1,0.33,-0.336081426447,14.5,0.0558358292916,3,0,0,231.249767061
1.04,0.429889110934,1.47858850882,0.515154057749,1,0.33,-0.420822338812,14.5,0.0418824009815,3,0,0,231.035713378
1.05,0.430237842735,1.47858850882,0.515154057749,1,0.33,-0.499406794813,14.5,0.0278511205933,4,0,0,230.821891929
1.06,0.430445872825,3.03638577483,0.515154057749,1,0.336,-0.572326635386,29.8428511638,0.0137420725736,4,0,0,230.608302407
1.07,0.430512423948,3.0247840867,0.515154057749,1,0.342,-0.640034355027,29.8079434295,-0.000444658735441,4,0,0,230.394944517
1.08,0.430436719693,3.01159927366,0.515154057749,1,0.348,-0.702946249511,29.7647798548,-0.0147089890962,4,0,0,230.181817969
1.09,0.430217984491,2.9973738234,0.515154057749,1,0.354,-0.761445311783,29.7144747486,-0.0290508343753,4,0,0,229.968922478
1.1,0.429855443612,2.98253201306,0.515154057749,1,0.36,-0.815883896186,29.6580306893,-0.0434701105435,4,0,0,229.756257755
1.11,0.429348323168,2.96740283205,0.515154057749,1,0.366,-0.866586169548,29.5963485935,-0.0579667336756,4,0,0,229.543823517
1.12,0.428695850107,2.95223864729,0.515154057749,1,0.372,-0.913850366181,29.5302369206,-0.0725406199502,4,0,0,229.331619477
1.13,0.427897252218,2.9372303875,0.515154057749,1,0.378,-0.957950862482,29.4604200892,-0.0871916856497,4,0,0,229.119645351
1.14,0.426951758123,2.92251988303,0.515154057749,1,0.384,-0.999140085565,29.3875461679,-0.10191984716,4,0,0,228.907900854
1.15,0.425858597283,2.908209882,0.515154057749,1,0.39,-1.0376502692,29.3121939035,-0.11672502097,4,0,0,228.696385703
1.16,0.424616999992,2.89437216929,0.515154057749,1,0.396,-1.07369506929,29.23487914,-0.131607123673,4,0,0,228.485099613
1.17,0.423226197377,2.88105413735,0.568178229587,1,0.402,-1.10747105008,29.1560606808,-0.146566071964,4,0,0,228.274042303
1.18,0.421685421399,2.80730028398,0.611968745102,1,0.408,-1.1391590515,28.9100215062,-0.161601782643,4,0,0,228.063213487
1.19,0.420039567998,2.70891834889,0.646525604293,1,0.414,-1.08822360077,28.5730317741,-0.166626441817,4,0,0,258.838881638
1.2,0.418391428989,2.60643010098,0.671848807161,1,0.42,-0.965995323288,28.1934657872,-0.162230143139,4,0,0,284.122937158
1.21,0.416825251693,2.51158388386,0.687938353706,1,0.426,-0.794109288592,27.8034422033,-0.150404342035,4,0,0,303.94016119
1.22,0.415405407099,2.43118327471,0.694794243927,1,0.432,-0.592408747753,27.4257644552,-0.133132867316,4,0,0,318.312339287
1.23,0.414176473153,2.3692566398,0.695913774957,1,0.438,-0.379089488028,27.0778719515,-0.112392047328,4,0,0,327.260310745
1.24,0.413163305308,2.32601861335,0.695913774957,1,0.444,-0.170825644941,26.7679184986,-0.0901499618225,4,0,0,330.808455752
1.25,0.412375187012,2.29824822536,0.695913774957,1,0.45,0.0223995100575,26.49439663,-0.0677050738971,4,0,0,331.012792957
1.26,0.411809811162,2.28250301155,0.695913774957,1,0.456,0.199072748725,26.2536915406,-0.0453969239632,4,0,0,330.566161638
1.27,0.411466704341,2.27600465309,0.695913774957,1,0.462,0.360313018379,26.0424903918,-0.0232511627692,4,0,0,330.120064504
1.28,0.411344250035,2.27606241408,0.695913774957,1,0.468,0.507366786669,25.8577810283,-0.00126631154909,4,0,0,329.674657976
1.29,0.411440830755,2.27671110422,0.695913774957,1,0.474,0.641352209664,25.6968230433,0.0205555341919,4,0,0,329.22995149
1.3,0.411754818431,2.27788580974,0.695913774957,1,0.48,0.76332248831,25.5571271534,0.0422153411194,4,0,0,328.78594611
1.31,0.412284596732,2.27952718372,0.695913774957,1,0.486,0.874243571627,25.4364331899,0.0637137014171,4,0,0,328.342641296
1.32,0.413028552467,2.2815809813,0.695913774957,1,0.492,0.975001433916,25.3326899783,0.0850508699195,4,0,0,327.900036021
1.33,0.41398507499,2.28399764444,0.695913774957,1,0.498,1.06641116786,25.2440372099,0.106227101002,4,0,0,327.4581291
1.34,0.415152556197,2.28673191999,0.695913774957,1,0.504,1.14922265506,25.1687888328,0.12724264858,4,0,0,327.016919301
1.35,0.416529390521,2.28974250851,0.695913774957,1,0.510114991176,1.22412578292,25.1054178402,0.148097766114,4,0,0,326.576405376
1.36,0.418113974926,2.29299174126,0.695913774957,1,0.511191631873,1.29175524422,25.0525423374,0.168792706605,4,0,0,326.136586074
1.37,0.419904708906,2.29644528318,0.695913774957,1,0.512083436403,1.35269495265,25.0089127857,0.189327722602,4,0,0,325.697460145
1.38,0.421899994476,2.30007185983,0.695913774957,1,0.512811624945,1.40748210519,24.9734003229,0.209703066195,4,0,0,325.259026341
1.39,0.42409823617,2.30384300619,0.695913774957,1,0.513395756663,1.4566109194,24.9449860732,0.229918989023,4,0,0,324.821283417
1.4,0.426497841038,2.30773283578,0.695913774957,1,0.513853780148,1.50053607184,24.9227513639,0.249975742273,4,0,0,324.384230128
1.41,0.429097218638,2.31171782833,0.695913774957,1,0.514202098955,1.53967586164,24.9058687742,0.269873576715,4,0,0,323.947865234
1.42,0.431894781032,2.31577663453,0.695913774957,1,0.514455647796,1.57441511942,24.893593947,0.289612742555,4,0,0,323.512187498
1.43,0.434888942786,2.31988989657,0.748943381023,1,0.51462797568,1.60510788673,24.8852580995,0.309193489662,4,0,0,323.077195682
1.44,0.438078120958,2.31836594281,0.792750199223,1,0.516931591902,1.63207987786,24.7743612513,0.328616067422,4,0,0,322.642888554
1.45,0.441504921348,2.30220499065,0.827334229556,1,0.519995424112,1.73371718296,24.6283898014,0.357641529337,4,0,0,352.182776971
1.46,0.445255469563,2.28038491682,0.852695472022,1,0.523438761771,1.8773903366,24.4663768435,0.392937845372,4,0,0,367.930893551
1.47,0.449382301182,2.25863771495,0.868833926621,1,0.526980042687,2.04597116059,24.3019639505,0.432784351737,4,0,0,380.032187819
1.48,0.453924617615,2.2408426791,0.875749593353,1,0.530386675252,2.2274179007,24.1458743169,0.475924905856,4,0,0,388.709064127
1.49,0.458909693928,2.22965565259,0.876901729753,1,0.533457839791,2.41075498207,24.0068643569,0.521116220035,4,0,0,393.975107754
1.5,0.464352990037,2.22568292884,0.876901729753,1,0.536090465109,2.58593097319,23.888971794,0.567120768745,4,0,0,395.849308766
1.51,0.470256628969,2.22589500955,0.876901729753,1,0.538297023847,2.74705358154,23.7910473821,0.613120404521,4,0,0,395.612156808
1.52,0.476616917859,2.22662463308,0.876901729753,1,0.54011858491,2.89350900748,23.7108115843,0.658897868578,4,0,0,394.954328713
1.53,0.483433785035,2.22781288829,0.876901729753,1,0.541594663065,3.0263344397,23.6461894353,0.704436137681,4,0,0,394.297671402
1.54,0.490704840867,2.22940594031,0.876901729753,1,0.542762632013,3.14662399537,23.5953052857,0.749735676537,4,0,0,393.642282387
1.55,0.498427700375,2.2313546172,0.876901729753,1,0.54365754355,3.25538425919,23.5564651901,0.794796949468,4,0,0,392.988165698
1.56,0.506599983217,2.23361402973,0.876901729753,1,0.538858040094,3.35354128093,23.5281407882,0.839620419777,4,0,0,392.335320063
1.57,0.51521931368,2.23614322177,0.876901729753,1,0.533822460772,3.44194701813,23.5089545529,0.884206549737,4,0,0,391.683743121
1.58,0.524283320667,2.23890484878,0.876901729753,1,0.528620634402,3.52138526355,23.4976662954,0.928555800596,4,0,0,391.033432205
1.59,0.533789637689,2.24186488215,0.876901729753,1,0.523282396348,3.59257709832,23.4931608203,0.972668632578,4,0,0,390.384384557
1.6,0.543735902854,2.24499233729,0.876901729753,1,0.517854039186,3.65618590892,23.4935435652,1.01654550489,4,0,0,389.73659739
1.61,0.554119758857,2.24825902372,0.876901729753,1,0.512413300821,3.71282200276,23.4954046611,1.0601868757,4,0,0,389.090067913
1.62,0.56493885297,2.25163931514,0.876901729753,1,0.506965304509,3.7630468545,23.4985539327,1.1035932022,4,0,0,388.444793339
1.63,0.576190837031,2.25510993812,0.824141584389,1,0.501514647909,3.80737701277,23.5028175926,1.14676494053,4,0,0,387.800770885
1.64,0.587873367435,2.26113541782,0.786887148298,1,0.495679964763,3.84628769418,23.5263187648,1.18970254583,4,0,0,387.157997778
1.65,0.599956419696,2.26889600885,0.76513842148,1,0.490327352218,3.83129169461,23.563115488,1.22629092283,4,0,0,367.74114807
1.66,0.612378256051,2.27746364615,0.758140485389,1,0.485473067804,3.77553262127,23.6064376566,1.25763395561,4,0,0,353.939583349
1.67,0.62509658615,2.2859423591,0.758140485389,1,0.48101266909,3.69849950498,23.6497162525,1.28576014228,4,0,0,345.699665777
1.68,0.638090229095,2.2939266198,0.758140485389,1,0.476777198553,3.61729111482,23.6899561959,1.31259408856,4,0,0,342.713191558
1.69,0.651349096281,2.30144337745,0.758140485389,1,0.472641100971,3.54034717615,23.7273285438,1.33914900738,4,0,0,342.207200601
1.7,0.664872593838,2.30852072809,0.758140485389,1,0.468587621905,3.46808909566,23.7620141866,1.36552021908,4,0,0,341.70274315
1.71,0.678658886319,2.31518471645,0.758140485389,1,0.464611758642,3.40014457183,23.7941803468,1.39170804455,4,0,0,341.199212545
1.72,0.692706141445,2.32145949597,0.758140485389,1,0.460708942467,3.33617105143,23.8239816596,1.41771280022,4,0,0,340.696564362
1.73,0.707012530098,2.32736747621,0.758140485389,1,0.456874996151,3.27585338,23.851561167,1.44353480181,4,0,0,340.194787293
1.74,0.721576226311,2.33292945862,0.758140485389,1,0.453106096375,3.21890161041,23.8770512345,1.46917436441,4,0,0,339.693876661
1.75,0.736395407269,2.33816476143,0.758140485389,1,0.449398740097,3.16504898629,23.9005743928,1.4946318025,4,0,0,339.193829808
1.76,0.751468253295,2.34309133468,0.758140485389,1,0.445749714435,3.11405008684,23.9222441135,1.51990742993,4,0,0,338.694644725
1.77,0.766792947851,2.34772586614,0.758140485389,1,0.442156069625,3.06567912,23.9421655223,1.54500155994,4,0,0,338.196319617
1.78,0.782367677525,2.35208387876,0.758140485389,1,0.438615094743,3.0197283521,23.9604360558,1.56991450516,4,0,0,337.698852759
1.79,0.798190632031,2.35617982045,0.705369171182,1,0.435124295857,2.97600666329,23.9771460654,1.59464657758,4,0,0,337.202242453
1.8,0.814260004196,2.36443625877,0.668081228558,1,0.431098687844,2.93433821836,24.0248083376,1.61919808859,4,0,0,336.706487011
1.81,0.830535248861,2.37585076792,0.646276657518,1,0.427680045283,2.82609555439,24.0961977672,1.63501113778,4,0,0,309.931462783
1.82,0.846928828521,2.38872528695,0.639245214894,1,0.424980009003,2.66435746817,24.1789337812,1.64305483255,4,0,0,289.249379372
1.83,0.863378009819,2.40125857746,0.639245214894,1,0.42287179095,2.47798273173,24.2598128621,1.64640156517,4,0,0,277.278956552
1.84,0.879850510347,2.41262917246,0.639245214894,1,0.421120030719,2.29220327156,24.3327707897,1.64795895997,4,0,0,273.205612719
1.85,0.896336665856,2.42292292538,0.639245214894,1,0.419534972034,2.11917526307,24.3983868,1.64925249162,4,0,0,272.877919557
1.86,0.912835161568,2.43222465422,0.639245214894,1,0.418087444539,1.9590375598,24.4572364539,1.65042703135,4,0,0,272.551080287
1.87,0.929344808433,2.44061242484,0.639245214894,1,0.416766253072,1.81076030237,24.5098494938,1.65148274977,4,0,0,272.224761106
1.88,0.945864419071,2.44815809029,0.639245214894,1,0.415561330376,1.67339598873,24.556713504,1.65241981358,4,0,0,271.898918228
1.89,0.962392807769,2.4549277872,0.639245214894,1,0.414463607774,1.54607291456,24.5982772806,1.6532383892,4,0,0,271.573538193
1.9,0.978928790476,2.46098239241,0.639245214894,1,0.413464903293,1.42798910968,24.6349539308,1.65393864274,4,0,0,271.248616209
1.91,0.995471184801,2.46637794316,0.639245214894,1,0.412557824262,1.31840675936,24.6671237248,1.65452074004,4,0,0,270.92415024
1.92,1.01201881001,2.47116602359,0.639245214894,1,0.411735682219,1.21664707194,24.6951367195,1.65498484671,4,0,0,270.600139135
1.93,1.02857048702,2.47539412043,0.639245214894,1,0.410992418335,1.12208555694,24.7193151724,1.65533112805,4,0,0,270.276582035
1.94,1.04512503841,2.47910595016,0.639245214894,1,0.410322537867,1.03414768104,24.7399557624,1.65555974913,4,0,0,269.953478167
1.95,1.06168128839,2.48234176006,0.639245214894,1,0.409721052389,0.952304871437,24.7573316328,1.65567087475,4,0,0,269.630826793
1.96,1.07823806284,2.48513860517,0.639245214894,1,0.409183428727,0.876070839067,24.7716942715,1.65566466941,4,0,0,269.308627186
1.97,1.09479418927,2.48753060311,0.639245214894,1,0.408705543721,0.804998195878,24.7832752399,1.65554129741,4,0,0,268.986878621
1.98,1.11134849683,2.48954916853,0.639245214894,1,0.408283644048,0.738675342763,24.7922877645,1.65530092272,4,0,0,268.665580378
1.99,1.12789981632,2.49122322878,0.639245214894,1,0.407914310462,0.676723606447,24.7989282006,1.65494370911,4,0,0,268.344731736
2,1.14444698015,2.49257942242,0.639245214894,1,0.407594425885,0.618794605423,24.803377379,1.65446982005,4,0,0,268.024331977
2.01,1.1609888224,2.49364228173,0.639245214894,1,0.407321146903,0.564567826615,24.8058018452,1.65387941875,4,0,0,267.704380384
2.02,1.17752417876,2.49443440079,0.639245214894,1,0.407091878225,0.51374839591,24.8063549995,1.65317266818,4,0,0,267.384876242
2.03,1.19405188654,2.49497658998,0.639245214894,1,0.406949300027,0.466065027038,24.8024321543,1.65234973103,4,0,0,267.065818835
2.04,1.2105707847,2.4952880182,0.639245214894,1,0.406905186743,0.421268134556,24.7933138242,1.65141076974,4,0,0,266.747207451
2.05,1.2270797138,2.49538634372,0.639245214894,1,0.406950104066,0.37912809778,24.779579555,1.65035594649,4,0,0,266.429041377
2.06,1.24357751603,2.49449976129,0.639245214894,1,0.407075594627,0.339433663611,24.7617544896,1.6491854232,4,0,0,266.111319903
2.07,1.26006303521,2.49211841677,0.639245214894,1,0.407274069862,0.30199047713,24.7403141214,1.64789936152,4,0,0,265.79404232
2.08,1.27653511675,2.4886029336,0.639245214894,1,0.407538715858,0.26661972975,24.7156886487,1.64649792287,4,0,0,265.47720792
2.09,1.29299260769,2.48424175468,0.639245214894,1,0.407863411044,0.23315691551,24.6882669599,1.64498126839,4,0,0,265.160815995
2.1,1.30943435668,2.47926471621,0.639245214894,1,0.408242653967,0.201450686869,24.6584002837,1.64334955896,4,0,0,264.84486584
2.11,1.32585921398,2.47385413179,0.639245214894,1,0.408671499684,0.171361802041,24.6264055283,1.64160295523,4,0,0,264.529356751
2.12,1.34226603143,2.46815383852,0.639245214894,1,0.409145503565,0.142762156529,24.5925683382,1.63974161756,4,0,0,264.214288025
2.13,1.3586536625,2.46227657554,0.639245214894,1,0.409660671463,0.115533892156,24.5571458908,1.63776570608,4,0,0,263.89965896
2.14,1.37502096226,2.45630999812,0.639245214894,1,0.410213415423,0.0895685773554,24.520369454,1.63567538065,4,0,0,263.585468856
2.15,1.39136678737,2.45032157593,0.639245214894,1,0.410800514178,0.0647664530483,24.4824467256,1.63347080089,4,0,0,263.271717012
2.16,1.40768999606,2.44436257899,0.639245214894,1,0.411419077845,0.0410357388492,24.443563972,1.63115212614,4,0,0,262.958402733
2.17,1.4239894482,2.43847131792,0.639245214894,1,0.412066516275,0.018291994773,24.4038879834,1.62871951552,4,0,0,262.64552532
2.18,1.44026400522,2.432675775,0.639245214894,1,0.412740510638,-0.0035424659933,24.3635678603,1.62617312787,4,0,0,262.333084078
2.19,1.45651253014,2.42699573776,0.639245214894,1,0.413438987843,-0.0245391173404,24.3227366458,1.62351312179,4,0,0,262.021078312
2.2,1.47273388757,2.42144452663,0.639245214894,1,0.414160097471,-0.0447637172672,24.2815128165,1.62073965563,4,0,0,261.709507331
2.21,1.48892694369,2.41603039131,0.639245214894,1,0.414902190947,-0.0642767651481,24.2400016434,1.61785288747,4,0,0,261.398370442
2.22,1.50509056628,2.41075763727,0.639245214894,1,0.415663802688,-0.0831339224199,24.1982964349,1.61485297516,4,0,0,261.087666954
2.23,1.52122362469,2.40562753237,0.639245214894,1,0.416443633036,-0.101386399613,24.1564796704,1.61174007629,4,0,0,260.777396179
2.24,1.53732498983,2.40063903456,0.639245214894,1,0.417240532769,-0.119081312419,24.1146240344,1.60851434819,4,0,0,260.467557428
2.25,1.5533935342,2.39578937409,0.639245214894,1,0.418053489046,-0.136262009278,24.0727933602,1.60517594796,4,0,0,260.158150014
2.26,1.56942813186,2.39107451765,0.639245214894,1,0.418881612628,-0.15296837275,24.0310434891,1.60172503243,4,0,0,259.849173252
2.27,1.58542765845,2.38648953666,0.639245214894,1,0.419724126257,-0.169237096785,23.989423054,1.5981617582,4,0,0,259.540626458
2.28,1.60139099115,2.38202889808,0.639245214894,1,0.420580354081,-0.185101941809,23.9479741927,1.5944862816,4,0,0,259.232508947
2.29,1.61731700872,2.37768669241,0.639245214894,1,0.421449712019,-0.200593969399,23.906733198,1.59069875874,4,0,0,258.924820039
2.3,1.63320459149,2.37345681118,0.639245214894,1,0.422331698995,-0.215741758191,23.865731108,1.58679934544,4,0,0,258.617559053
2.31,1.64905262132,2.36933308369,0.639245214894,1,0.423225888933,-0.230571602509,23.8249942444,1.58278819732,4,0,0,258.310725309
2.32,1.66485998165,2.36530938105,0.639245214894,1,0.424131923476,-0.245107695106,23.784544701,1.57866546972,4,0,0,258.004318129
2.33,1.68062555744,2.3613796941,0.639245214894,1,0.425049505338,-0.259372295291,23.7444007879,1.57443131775,4,0,0,257.698336836
2.34,1.69634823525,2.35753819044,0.639245214894,1,0.425978392252,-0.273385883595,23.7045774346,1.57008589626,4,0,0,257.392780754
2.35,1.71202690314,2.35377925492,0.639245214894,1,0.426918391444,-0.287167304074,23.6650865562,1.56562935986,4,0,0,257.087649208
2.36,1.72766045073,2.35009751703,0.639245214894,1,0.427869354605,-0.300733895219,23.6259373853,1.56106186293,4,0,0,256.782941525
2.37,1.74324776919,2.34648786813,0.639245214894,1,0.428831173305,-0.314101610404,23.5871367725,1.55638355958,4,0,0,256.478657033
2.38,1.75878775123,2.34294547053,0.639245214894,1,0.429803774816,-0.327285128686,23.5486894594,1.55159460369,4,0,0,256.17479506
2.39,1.77427929109,2.33946576058,0.639245214894,1,0.43078711831,-0.340297956749,23.5105983248,1.54669514889,4,0,0,255.871354937
2.4,1.78972128455,2.33604444698,0.639245214894,1,0.4317811914,-0.353152522694,23.4728646078,1.54168534858,4,0,0,255.568335996
2.41,1.80511262892,2.33267750559,0.639245214894,1,0.432786006985,-0.365860262314,23.435488109,1.5365653559,4,0,0,255.265737568
2.42,1.82045222304,2.32936117169,0.639245214894,1,0.433801600396,-0.378431698483,23.3984673727,1.53133532376,4,0,0,254.963558987
2.43,1.83573896728,2.32609193038,0.639245214894,1,0.43482802679,-0.390876514182,23.3617998505,1.52599540481,4,0,0,254.661799589
2.44,1.85097176353,2.32286650577,0.639245214894,1,0.435865358795,-0.403203619688,23.3254820488,1.52054575148,4,0,0,254.360458709
2.45,1.86614951521,2.31968184936,0.639245214894,1,0.436913684365,-0.415421214388,23.2895096621,1.51498651595,4,0,0,254.059535685
2.46,1.88127112725,2.31653512799,0.639245214894,1,0.437973104843,-0.427536843643,23.2538776918,1.50931785015,4,0,0,253.759029856
2.47,1.89633550613,2.3134237117,0.639245214894,1,0.439043733205,-0.439557451112,23.2185805538,1.50353990578,4,0,0,253.45894056
2.48,1.91134155979,2.31034516156,0.639245214894,1,0.440125692473,-0.451489426881,23.1836121739,1.4976528343,4,0,0,253.159267139
2.49,1.92628819774,2.30729721784,0.639245214894,1,0.441219114283,-0.463338651745,23.1489660738,1.49165678692,4,0,0,252.860008935
2.5,1.94117433097,2.30427778844,0.639245214894,1,0.442324137589,-0.475110537951,23.1146354478,1.48555191463,4,0,0,252.56116529
2.51,1.95599887198,2.30128493772,0.639245214894,1,0.4434409075,-0.486810066676,23.0806132309,1.47933836816,4,0,0,252.26273555
2.52,1.97076073478,2.29831687594,0.639245214894,1,0.444569574238,-0.49844182251,23.0468921597,1.47301629801,4,0,0,251.96471906
2.53,1.98545883489,2.29537194903,0.639245214894,1,0.44571029219,-0.510010025179,23.0134648259,1.46658585445,4,0,0,251.667115166
2.54,2.00009208932,2.29244862909,0.639245214894,1,0.446863219075,-0.521518558733,22.9803237242,1.4600471875,4,0,0,251.369923216
2.55,2.01465941659,2.28954550523,0.639245214894,1,0.448028515187,-0.532970998392,22.9474612944,1.45340044696,4,0,0,251.07314256
2.56,2.02915973671,2.28666127515,0.639245214894,1,0.449206342723,-0.544370635255,22.9148699581,1.44664578237,4,0,0,250.776772547
2.57,2.04359197119,2.28379473708,0.639245214894,1,0.45039686519,-0.55572049902,22.8825421511,1.43978334304,4,0,0,250.480812529
2.58,2.05795504303,2.28094478234,0.639245214894,1,0.451600246872,-0.567023378899,22.8504703519,1.43281327807,4,0,0,250.185261858
2.59,2.07224787671,2.27811038835,0.639245214894,1,0.452816652364,-0.578281842848,22.8186471057,1.42573573629,4,0,0,249.890119887
2.6,2.0864693982,2.27529061214,0.639245214894,1,0.454046246156,-0.589498255269,22.7870650462,1.41855086631,4,0,0,249.595385973
2.61,2.10061853498,2.27248458428,0.639245214894,1,0.455289192275,-0.600674793286,22.7557169132,1.4112588165,4,0,0,249.30105947
2.62,2.11469421598,2.26969150323,0.639245214894,1,0.456545653964,-0.611813461728,22.7245955683,1.40385973501,4,0,0,249.007139735
2.63,2.12869537162,2.2669106302,0.639245214894,1,0.45781579341,-0.622916106908,22.6936940076,1.39635376975,4,0,0,248.713626127
2.64,2.14262093381,2.26414128421,0.639245214894,1,0.459099771503,-0.633984429301,22.663005373,1.38874106838,4,0,0,248.420518006
2.65,2.15646983591,2.26138283768,0.639245214894,1,0.460397747638,-0.645019995205,22.6325229607,1.38102177835,4,0,0,248.127814731
2.66,2.17024101279,2.25863471222,0.639245214894,1,0.461709879535,-0.656024247477,22.6022402283,1.37319604686,4,0,0,247.835515664
2.67,2.18393340076,2.25589637483,0.639245214894,1,0.463036323096,-0.666998515401,22.5721508007,1.3652640209,4,0,0,247.543620168
2.68,2.19754593762,2.25316733435,0.639245214894,1,0.464377232287,-0.677944023773,22.5422484741,1.3572258472,4,0,0,247.252127606
2.69,2.2110775626,2.25044713814,0.639245214894,1,0.465732759031,-0.688861901253,22.512527219,1.34908167227,4,0,0,246.961037345
2.7,2.22452721645,2.24773536909,0.639245214894,1,0.467103053138,-0.699753188059,22.4829811822,1.34083164241,4,0,0,246.670348749
2.71,2.23789384133,2.24503164279,0.639245214894,1,0.468488262239,-0.710618843031,22.4536046877,1.33247590366,4,0,0,246.380061187
2.72,2.25117638089,2.24233560498,0.639245214894,1,0.469888531739,-0.721459750146,22.4243922371,1.32401460184,4,0,0,246.090174026
2.73,2.26437378022,2.23964692915,0.639245214894,1,0.471304004792,-0.732276724497,22.3953385086,1.31544788254,4,0,0,245.800686637
2.74,2.27748498587,2.23696531434,0.639245214894,1,0.472734822274,-0.743070517806,22.3664383561,1.30677589114,4,0,0,245.511598388
2.75,2.29050894586,2.23429048315,0.639245214894,1,0.474181122781,-0.753841823487,22.3376868074,1.29799877275,4,0,0,245.222908654
2.76,2.30344460964,2.23162217982,0.639245214894,1,0.475643042632,-0.764591281306,22.3090790618,1.28911667228,4,0,0,244.934616805
2.77,2.3162909281,2.22896016855,0.692280345999,1,0.477120715874,-0.775319481677,22.2806104876,1.28012973443,4,0,0,244.646722217
2.78,2.32904685361,2.18881984929,0.736103739316,1,0.480820638432,-0.786026969596,22.1501665579,1.27103810362,4,0,0,244.359224263
2.79,2.34174844934,2.13190703356,0.770715394844,1,0.484831910774,-0.731118084068,21.9608732764,1.27004144461,4,0,0,269.259831386
2.8,2.35447889166,2.07469375593,0.796115312584,1,0.488363931124,-0.619614468973,21.7523199767,1.27666821566,4,0,0,289.714169822
2.81,2.36730124298,2.02442892833,0.812303492534,1,0.491298096799,-0.477967871178,21.545068873,1.28817789569,4,0,0,302.278453763
2.82,2.3802539353,1.98331609467,0.819279934696,1,0.493661443745,-0.324562418609,21.3484645129,1.30257389855,4,0,0,309.648216493
2.83,2.39335999521,1.95266303628,0.820465221329,1,0.495407875823,-0.169399754819,21.1700245665,1.31872360734,4,0,0,314.15750774
2.84,2.40663221784,1.93217350117,0.820465221329,1,0.496574542631,-0.0209254628773,21.0131625699,1.33558889629,4,0,0,315.820810959
2.85,2.42007349422,1.91999916222,0.820465221329,1,0.497264177991,0.115874303097,20.8767481599,1.3524796124,4,0,0,315.701466002
2.86,2.43368208374,1.91422953718,0.820465221329,1,0.497542042389,0.240441627124,20.7586318818,1.36920927094,4,0,0,315.218233247
2.87,2.44745709094,1.91332716042,0.820465221329,1,0.497449601358,0.353637733477,20.6568511053,1.3857632005,4,0,0,314.735772077
2.88,2.46139676011,1.91363104977,0.820465221329,1,0.497024591599,0.456374835075,20.5696253812,1.40214171554,4,0,0,314.254167899
2.89,2.47549933867,1.91427881428,0.767683363306,1,0.496302751284,0.549492167133,20.4953406085,1.4183451304,4,0,0,313.773424794
2.9,2.48976307718,1.91735222161,0.730363789237,1,0.494059766654,0.633761820987,20.4845562697,1.4343737588,4,0,0,313.293542352
2.91,2.50416262858,1.92264469988,0.708506499122,1,0.491960082638,0.668179568325,20.4982560696,1.44501359543,4,0,0,296.801161441
2.92,2.51864081247,1.92942205096,0.701443425052,1,0.490338045725,0.655811333973,20.5234501158,1.45014936182,4,0,0,281.856969535
2.93,2.53314958018,1.93643083284,0.701443425052,1,0.48921161934,0.612284795602,20.5509653685,1.45126665786,4,0,0,271.290942361
2.94,2.54766046087,1.943068328,0.701443425052,1,0.488355388806,0.559476068938,20.5763680733,1.45078841498,4,0,0,267.647385419
2.95,2.56216478337,1.9493515171,0.701443425052,1,0.487583678753,0.508850635803,20.5997601948,1.45005499653,4,0,0,267.295850795
2.96,2.57666113302,1.95530073985,0.701443425052,1,0.486875684006,0.461253640539,20.6212693717,1.44919387848,4,0,0,266.945143818
2.97,2.59114823382,1.96093487588,0.701443425052,1,0.486228233245,0.416444403804,20.6410135812,1.44820526029,4,0,0,266.595022457
2.98,2.60562481176,1.96627145806,0.701443425052,1,0.485638423959,0.374201472862,20.6591019026,1.44708933796,4,0,0,266.245453313
2.99,2.62008959477,1.97132677694,0.701443425052,1,0.485103597307,0.334321108304,20.6756352212,1.44584630712,4,0,0,265.896425576
3,2.63454131274,1.97611597696,0.701443425052,1,0.484621315899,0.296615867025,20.6907068752,1.44447636305,4,0,0,265.547935378
3.01,2.64897869752,1.98065314495,0.701443425052,1,0.484189343791,0.260913298632,20.7044032522,1.44297970067,4,0,0,265.199980806
3.02,2.6634004829,1.98495139168,0.701443425052,1,0.483805628462,0.227054746016,20.7168043368,1.44135651458,4,0,0,264.852560639
3.03,2.67780540461,1.98902292687,0.701443425052,1,0.483468284538,0.194894241908,20.7279842156,1.43960699902,4,0,0,264.505673842
3.04,2.69219220032,1.99287912835,0.701443425052,1,0.483175579091,0.164297493695,20.7380115413,1.43773134792,4,0,0,264.159319452
3.05,2.70655960966,1.99653060566,0.701443425052,1,0.482925918343,0.135140949456,20.7469499598,1.43572975482,4,0,0,263.813496527
3.06,2.72090637416,1.99998725871,0.701443425052,1,0.482717835619,0.107310938708,20.7548585033,1.43360241297,4,0,0,263.468204133
3.07,2.73523123731,2.00325833172,0.701443425052,1,0.482549980432,0.0807028818998,20.7617919527,1.43134951526,4,0,0,263.123441339
3.08,2.7495329445,2.00635246295,0.701443425052,1,0.482421108584,0.0552205631435,20.7678011696,1.42897125423,4,0,0,262.779207219
3.09,2.76381024307,2.00927773049,0.701443425052,1,0.48233007317,0.0307754611233,20.772933404,1.42646782211,4,0,0,262.435500846
3.1,2.77806188226,2.01204169444,0.701443425052,1,0.482275816407,0.00728613353727,20.7772325751,1.42383941078,4,0,0,262.092321296
3.11,2.79228661325,2.01465143578,0.701443425052,1,0.482257362199,-0.0153223492187,20.7807395317,1.42108621177,4,0,0,261.749667648
3.12,2.8064831891,2.0171135922,0.701443425052,1,0.482273809377,-0.0371189250618,20.7834922909,1.41820841629,4,0,0,261.407538981
3.13,2.82065036481,2.01943439101,0.701443425052,1,0.481738821057,-0.0581670195517,20.7855262579,1.41520621523,5,0,0,261.065934378
3.14,2.83478689728,2.02161967964,0.701443425052,1,0.448317176413,-0.0785249868739,20.7868744286,1.41207979912,5,0,0,260.724852921
3.15,2.84889154531,2.02367495358,0.701443425052,1,0.446413713482,-0.0982465155446,20.7875675758,1.40882935817,5,0,0,260.384293697
3.16,2.8629630696,2.02560538225,0.701443425052,1,0.444516422483,-0.117381001659,20.7876344207,1.40545508225,5,0,0,260.044255791
3.17,2.87700023275,2.02741583278,0.701443425052,1,0.4426502164,-0.135973892279,20.7858589876,1.40195716091,5,0,0,259.704738294
3.18,2.89100179924,2.02911089198,0.701443425052,1,0.440813961387,-0.154067001352,20.7822310426,1.39833578335,5,0,0,259.365740296
3.19,2.90496653547,2.03069488653,0.701443425052,1,0.439003257937,-0.171698800354,20.7768927073,1.39459113846,5,0,0,259.027260889
3.2,2.9188932097,2.03217190168,0.701443425052,1,0.437213931139,-0.188904685682,20.7699751991,1.39072341479,5,0,0,258.689299167
3.21,2.93278059208,2.03354579847,0.701443425052,1,0.435441997457,-0.205717224656,20.7615996804,1.38673280056,5,0,0,258.351854228
3.22,2.94662745465,2.03482022955,0.701443425052,1,0.433683633402,-0.222166381837,20.7518780405,1.38261948367,5,0,0,258.014925167
3.23,2.96043257133,2.03599865388,0.701443425052,1,0.431935145634,-0.238279727248,20.7409136161,1.37838365167,5,0,0,257.678511087
3.24,2.97419471789,2.03708435022,0.701443425052,1,0.430192942099,-0.254082627928,20.7288018551,1.37402549181,5,0,0,257.342611086
3.25,2.98791267199,2.0380804296,0.701443425052,1,0.428453503784,-0.269598424165,20.7156309292,1.36954519101,5,0,0,257.00722427
3.26,3.00158521316,2.03898984686,0.701443425052,1,0.426713356648,-0.284848591633,20.7014822969,1.36494293583,5,0,0,256.672349742
3.27,3.01521112278,2.03981541125,0.701443425052,1,0.424969043318,-0.299852890556,20.6864312237,1.36021891255,5,0,0,256.337986609
3.28,3.02878918411,2.04055979627,0.701443425052,1,0.423217094038,-0.314629502937,20.6705472612,1.3553733071,5,0,0,256.00413398
3.29,3.04231818225,2.04122554875,0.701443425052,1,0.42145399636,-0.329195158814,20.6538946882,1.35040630508,5,0,0,255.670790965
3.3,3.05579690416,2.04181509717,0.701443425052,1,0.419676162963,-0.343565252406,20.6365329179,1.34531809179,5,0,0,255.337956675
3.31,3.06922413865,2.0423307595,0.701443425052,1,0.417879896889,-0.357753948981,20.6185168729,1.3401088522,5,0,0,255.005630226
3.32,3.08259867638,2.04277475026,0.701443425052,1,0.416061353351,-0.371774283163,20.5998973314,1.33477877094,5,0,0,254.673810731
3.33,3.09591930986,2.04314918721,0.701443425052,1,0.414216497077,-0.385638249376,20.5807212454,1.32932803233,5,0,0,254.342497308
3.34,3.10918483344,2.04345609746,0.701443425052,1,0.412341053929,-0.39935688506,20.5610320354,1.32375682037,5,0,0,254.011689075
3.35,3.1223940433,2.0436974231,0.701443425052,1,0.410430455166,-0.412940347224,20.5408698608,1.31806531875,5,0,0,253.681385155
3.36,3.13554573746,2.04387502649,0.701443425052,1,0.408479772334,-0.42639798287,20.5202718703,1.31225371082,5,0,0,253.351584668
3.37,3.14863871577,2.04399069511,0.701443425052,1,0.406483640099,-0.439738393795,20.4992724322,1.30632217963,5,0,0,253.022286738
3.38,3.16167177992,2.04404614601,0.701443425052,1,0.404436163555,-0.4529694962,20.4779033471,1.30027090789,5,0,0,252.693490492
3.39,3.17464373341,2.04401810235,0.701443425052,1,0.402330805338,-0.466098575531,20.4561940438,1.29410007801,5,0,0,252.365195058
3.4,3.18755338157,2.04348174026,0.701443425052,1,0.400160246253,-0.479132336938,20.4341717602,1.28780987208,5,0,0,252.037399563
3.41,3.20039953155,2.04253206831,0.648651617526,1,0.397916210735,-0.492076951691,20.4118617102,1.28140047187,5,0,0,251.710103139
3.42,3.21318099232,2.04651985603,0.611302194948,1,0.394695242896,-0.504938099884,20.43546987,1.27487205883,5,0,0,251.383304919
3.43,3.22586499187,2.05353937118,0.589395157319,1,0.39205842652,-0.573551930148,20.4816088274,1.26124594905,5,0,0,229.617943981
3.44,3.23837849611,2.06206064682,0.582302234741,1,0.390177650321,-0.690532485395,20.5391336989,1.24088786034,5,0,0,211.525342296
3.45,3.25066774865,2.07042051204,0.582302234741,1,0.388843673667,-0.829155824773,20.5958620032,1.21665461806,5,0,0,201.77232864
3.46,3.26270609296,2.07784451124,0.582302234741,1,0.38778239232,-0.968280196946,20.6460858342,1.19097251329,5,0,0,198.482328195
3.47,3.27448649976,2.0844042883,0.582302234741,1,0.386779478467,-1.09782518451,20.6902920331,1.16509658788,5,0,0,198.277778808
3.48,3.28600777606,2.09017110608,0.582302234741,1,0.385794021212,-1.2176004067,20.728967875,1.13914643326,5,0,0,198.073847263
3.49,3.29726918006,2.095210488,0.582302234741,1,0.38480169382,-1.32838670312,20.762561595,1.11312214214,5,0,0,197.870219006
3.5,3.30826997085,2.09958267782,0.582302234741,1,0.383775240778,-1.43090247194,20.7914855116,1.08702380401,5,0,0,197.666853222
3.51,3.31900940839,2.1033430628,0.582302234741,1,0.382682919065,-1.52580864072,20.8161189005,1.06085150819,5,0,0,197.463737808
3.52,3.32948675355,2.10654256289,0.582302234741,1,0.381486161804,-1.61371326387,20.8368106388,1.03460534389,5,0,0,197.260868942
3.53,3.3397012681,2.1092279889,0.582302234741,1,0.380135866982,-1.69517575248,20.8538816383,1.00828540017,5,0,0,197.058245163
3.54,3.34965221469,2.11144237188,0.582302234741,1,0.378566102868,-1.7707107657,20.8676270828,0.981891765995,5,0,0,196.855865804
3.55,3.35933885686,2.11322526623,0.582302234741,1,0.376682545226,-1.84079179097,20.8783184873,0.95542453018,5,0,0,196.653730418
3.56,3.36876045903,2.11461302851,0.582302234741,1,0.374338905263,-1.90585443768,20.8862055925,0.928883781432,5,0,0,196.45183864
3.57,3.37791628651,2.11563907391,0.582302234741,1,0.371281252741,-1.96629946745,20.8915181076,0.902269608333,5,0,0,196.250190122
3.58,3.38680560552,2.11633411222,0.582302234741,1,0.366981998825,-2.02249558197,20.8944673129,0.875582099343,5,0,0,196.048784527
3.59,3.39542768312,2.11672636491,0.582302234741,1,0.359852619382,-2.07478198775,20.8952475357,0.848821342802,5,0,0,195.847621521
3.6,3.40378178729,2.11684176481,0.582302234741,1,0.344010748801,-2.12347075573,20.8912141053,0.821987426926,5,0,0,195.64670077
3.61,3.41186718687,2.11560313989,0.582302234741,1,0.347058745512,-2.16884899219,20.8812356143,0.795080439812,5,0,0,195.44602194
3.62,3.41968315159,2.11248249858,0.582302234741,1,0.350249448224,-2.21118083584,20.8660219666,0.768100469434,5,0,0,195.245584699
3.63,3.42722895206,2.1079580033,0.582302234741,1,0.35357481051,-2.25070929527,20.8462146537,0.741047603647,5,0,0,195.045388715
3.64,3.43450385976,2.10241063019,0.582302234741,1,0.357027605273,-2.28765793935,20.822392809,0.713921930183,5,0,0,194.845433656
3.65,3.44150714705,2.09614255192,0.582302234741,1,0.360601330758,-2.32223245242,20.7950787484,0.686723536657,5,0,0,194.645719193
3.66,3.44823808717,2.08939214052,0.582302234741,1,0.364290129839,-2.354622065,20.7647430394,0.65945251056,5,0,0,194.446244994
3.67,3.45469595424,2.08234620421,0.582302234741,1,0.368088720391,-2.38500087016,20.7318091394,0.632108939265,5,0,0,194.24701073
3.68,3.46088002323,2.07514996137,0.582302234741,1,0.371992334955,-2.41352903447,20.6966576373,0.604692910024,5,0,0,194.048016071
3.69,3.46678957,2.06791516383,0.582302234741,1,0.375996668209,-2.44035391214,20.659630133,0.577204509971,5,0,0,193.849260689
3.7,3.47242387127,2.06072670697,0.582302234741,1,0.380097831057,-2.46561107,20.6210327827,0.549643826118,5,0,0,193.650744254
3.71,3.47778220466,2.05364800311,0.582302234741,1,0.384292310321,-2.48942523047,20.5811395407,0.522010945359,5,0,0,193.45246644
3.72,3.48286384861,2.04672534461,0.582302234741,1,0.388576933212,-2.51191113915,20.5401951207,0.494305954469,5,0,0,193.254426919
3.73,3.48766808247,2.03999144183,0.582302234741,1,0.392948835886,-2.53317436295,20.4984177009,0.466528940103,5,0,0,193.056625364
3.74,3.49219418643,2.03346828779,0.582302234741,1,0.397405435519,-2.55331202435,20.4560013949,0.438679988798,5,0,0,192.859061448
3.75,3.49644144155,2.02716947365,0.582302234741,1,0.401944405393,-2.57241347701,20.4131185072,0.410759186972,5,0,0,192.661734847
3.76,3.50040912976,2.0211020564,0.582302234741,1,0.40656365262,-2.59056092722,20.3699215919,0.382766620925,5,0,0,192.464645235
3.77,3.50409653384,2.01526806201,0.582302234741,1,0.411261298133,-2.60783000574,20.3265453305,0.354702376838,5,0,0,192.267792286
3.78,3.50750293746,2.00966569181,0.582302234741,1,0.416035658661,-2.62429029379,20.2831082455,0.326566540774,5,0,0,192.071175677
3.79,3.51062762511,2.00429028768,0.582302234741,1,0.420885230451,-2.64000580705,20.2397142619,0.298359198679,5,0,0,191.874795084
3.8,3.51346988218,1.99913510139,0.582302234741,1,0.425808674513,-2.65503544088,20.1964541308,0.27008043638,5,0,0,191.678650183
3.81,3.51602899487,1.994191905,0.582302234741,1,0.430804803223,-2.66943337995,20.1534067262,0.241730339587,5,0,0,191.482740652
3.82,3.51830425028,1.98945147278,0.582302234741,1,0.435872568111,-2.68324947511,20.1106402255,0.213308993893,5,0,0,191.287066168
3.83,3.52029493635,1.98490395901,0.582302234741,1,0.441011048724,-2.69652959007,20.0682131852,0.184816484772,5,0,0,191.09162641
3.84,3.52200034187,1.98053919202,0.582302234741,1,0.44621944243,-2.70931592036,20.0261755181,0.156252897584,5,0,0,190.896421056
3.85,3.52341975648,1.97634690067,0.635342979458,1,0.451497055079,-2.72164728684,19.9845693828,0.127618317571,5,0,0,190.701449786
3.86,3.52455247068,1.93551926982,0.679183213609,1,0.459151068216,-2.73355940562,19.8431907286,0.0989128298558,5,0,0,190.506712278
3.87,3.52543029347,1.8788591722,0.713822937194,1,0.467130192196,-2.68759493451,19.6457331539,0.0773227946875,5,0,0,212.393510683
3.88,3.52612635028,1.81883499962,0.739262150213,1,0.474858985159,-2.59166704733,19.4212021968,0.0624378312401,5,0,0,230.387584322
3.89,3.52670062255,1.7628563297,0.755500852666,1,0.482087157601,-2.46107936287,19.1894862152,0.0528446213247,5,0,0,244.501718491
3.9,3.52719897866,1.71620209549,0.762539044553,1,0.488603621656,-2.30987861959,18.9673082818,0.0471339206061,5,0,0,254.747704081
3.91,3.52765203293,1.68160480995,0.763758012855,1,0.494348046286,-2.15304235445,18.7662071233,0.043639667553,5,0,0,260.336068236
3.92,3.52807420629,1.65826042022,0.763758012855,1,0.499460459954,-2.00304676264,18.5888505189,0.0408586929848,5,0,0,261.8627813
3.93,3.52846903929,1.64407083646,0.763758012855,1,0.504056056214,-1.86468780837,18.4338535589,0.0381230946416,5,0,0,261.820601247
3.94,3.52883609599,1.63695717674,0.763758012855,1,0.508197763432,-1.7383694879,18.2989241413,0.0352660066171,5,0,0,261.450311342
3.95,3.52917390828,1.63524546445,0.763758012855,1,0.511923292754,-1.62323400036,18.1819684159,0.0322742476797,5,0,0,261.080550546
3.96,3.52948113055,1.63550653811,0.763758012855,1,0.515267850745,-1.5183849371,18.0810846369,0.0291480405839,5,0,0,260.711395792
3.97,3.52975641943,1.63614178662,0.763758012855,1,0.51826598472,-1.42299760145,17.9945465641,0.0258876081695,5,0,0,260.342851149
3.98,3.5299984338,1.63710911088,0.763758012855,1,0.520951197087,-1.33631327577,17.9207882546,0.0224931728642,5,0,0,259.974916654
3.99,3.53020583472,1.63837003009,0.763758012855,1,0.523355648349,-1.25763394323,17.8583901283,0.018964956675,5,0,0,259.60759151
4,3.53037728551,1.63988938725,0.763758012855,1,0.525509939129,-1.18631743165,17.8060662044,0.0153031811898,5,0,0,259.240874664
4.01,3.53051145167,1.64163507835,0.763758012855,1,0.527442960936,-1.12177294602,17.7626524113,0.0115080675771,5,0,0,258.874765001
4.02,3.53060700092,1.64357780331,0.763758012855,1,0.529181805374,-1.06345695825,17.7270958821,0.00757983658782,5,0,0,258.509261382
4.03,3.53066260319,1.64569083693,0.763758012855,1,0.530751721954,-1.01086942585,17.6984451541,0.00351870855531,5,0,0,258.144362665
4.04,3.53067693062,1.64794981827,0.763758012855,1,0.532176115404,-0.963550313052,17.6758411972,-0.00067509660324,5,0,0,257.780067709
4.05,3.53064865753,1.65033255699,0.763758012855,1,0.533476574284,-0.921076390271,17.6585092031,-0.00500135938613,5,0,0,257.416375374
4.06,3.53057646043,1.65281885521,0.763758012855,1,0.5346729237,-0.88305828961,17.6457510726,-0.0094598607062,5,0,0,257.053284522
4.07,3.53045901805,1.65539034381,0.763758012855,1,0.535783295908,-0.849137795912,17.636938542,-0.01405038189,5,0,0,256.690794016
4.08,3.53029501126,1.65803033182,0.763758012855,1,0.536824213567,-0.818985354533,17.6315068968,-0.0187727046768,5,0,0,256.328902724
4.09,3.53008312315,1.66072366801,0.763758012855,1,0.537810681298,-0.7922977785,17.6289492228,-0.0236266112179,5,0,0,255.967609516
4.1,3.52982203896,1.66345661356,0.763758012855,1,0.538756281991,-0.768796139081,17.6288111509,-0.0286118840756,5,0,0,255.606913263
4.11,3.52951044612,1.66621672511,0.763758012855,1,0.539713451431,-0.748223825129,17.6293736216,-0.0337283062224,5,0,0,255.246812838
4.12,3.52914703421,1.66899274715,0.763758012855,1,0.540687979867,-0.73034475766,17.6304506883,-0.03897566104,6,0,0,254.887307118
4.13,3.528730495,1.67177451312,0.763758012855,1,0.538479759773,-0.714941747276,17.6319621978,-0.0443537323187,6,0,0,254.528394983
4.14,3.52825952239,1.67455285454,0.763758012855,1,0.539441479572,-0.701814982994,17.6338350442,-0.0498623042562,6,0,0,254.170075313
4.15,3.52773281245,1.67731951744,0.763758012855,1,0.540427564394,-0.690780641961,17.6360025958,-0.055501161457,6,0,0,253.812346992
4.16,3.52714906342,1.68006708555,0.763758012855,1,0.541440054242,-0.6816696104,17.6384041677,-0.0612700889315,6,0,0,253.455208905
4.17,3.52650697566,1.68278890977,0.763758012855,1,0.542480831552,-0.674326306875,17.6409845366,-0.0671688720949,6,0,0,253.098659942
4.18,3.52580525168,1.68547904326,0.763758012855,1,0.543551634104,-0.6686075997,17.6436934946,-0.0731972967668,6,0,0,252.742698992
4.19,3.52504259614,1.68813218185,0.763758012855,1,0.544654066992,-0.664381810947,17.6464854392,-0.0793551491697,6,0,0,252.38732495
4.2,3.52421771583,1.69074360929,0.763758012855,1,0.545789613688,-0.661527800145,17.6493189957,-0.0856422159288,6,0,0,252.032536709
4.21,3.52332931967,1.69330914692,0.763758012855,1,0.546959646283,-0.659934121269,17.6521566703,-0.0920582840708,6,0,0,251.678333168
4.22,3.52237611871,1.69582510746,0.763758012855,1,0.548165434926,-0.659498247186,17.6549645308,-0.0986031410231,6,0,0,251.324713226
4.23,3.52135682612,1.69828825253,0.763758012855,1,0.549408156543,-0.660125856129,17.6577119133,-0.105276574613,6,0,0,250.971675787
4.24,3.52027015719,1.70069575362,0.763758012855,1,0.550688902871,-0.661730175267,17.6603711524,-0.112078373066,6,0,0,250.619219754
4.25,3.51911482934,1.70304515634,0.763758012855,1,0.552008687854,-0.664231376779,17.662917333,-0.119008325008,6,0,0,250.267344036
4.26,3.51788956208,1.70533434747,0.763758012855,1,0.553368454454,-0.66755602225,17.6653280618,-0.12606621946,6,0,0,249.91604754
4.27,3.51659307705,1.70756152476,0.816804457311,1,0.554769080912,-0.671636551509,17.6675832582,-0.13325184584,6,0,0,249.565329179
4.28,3.51522409797,1.7078460316,0.860661790677,1,0.557511729396,-0.676410812363,17.628452154,-0.140564993961,6,0,0,249.215187867
4.29,3.51380130765,1.69861270695,0.895330012955,1,0.560504235848,-0.646538987253,17.5592897431,-0.143595123946,6,0,0,262.414311687
4.3,3.51236874806,1.68355833508,0.920809124145,1,0.563376318795,-0.586806178043,17.4732011166,-0.142593912668,6,0,0,273.224662918
4.31,3.51096238853,1.66712755431,0.937099124245,1,0.565948057831,-0.506548947016,17.3802858403,-0.13842982057,6,0,0,281.651488234
4.32,3.50960952793,1.65237956813,0.944200013256,1,0.568099325304,-0.414338074017,17.2885438313,-0.131968950915,6,0,0,287.701813431
4.33,3.50832891958,1.64143584128,0.94545317999,1,0.569752755344,-0.318035780749,17.2045205724,-0.124074544997,6,0,0,291.383624788
4.34,3.50713080816,1.63496142131,0.94545317999,1,0.570937459355,-0.224845202295,17.1315071138,-0.115606080497,6,0,0,292.70975508
4.35,3.50601759459,1.63223740707,0.94545317999,1,0.571756674888,-0.139134368201,17.0691860753,-0.107140678259,6,0,0,292.542542591
4.36,3.5049878416,1.63224907225,0.94545317999,1,0.572274023918,-0.0615911244897,17.0163518108,-0.0988391164766,6,0,0,292.056369075
4.37,3.50404022005,1.63249482982,0.94545317999,1,0.57252549007,0.00833442707646,16.9719041348,-0.0907143337758,6,0,0,291.571061131
4.38,3.50317296387,1.63294652191,0.94545317999,1,0.572542544948,0.0712544517729,16.9348481646,-0.082765986418,6,0,0,291.086691394
4.39,3.50238431041,1.63357844106,0.89265198755,1,0.572354362559,0.127732139476,16.9042850317,-0.0749937309373,6,0,0,290.603262832
4.4,3.50167250049,1.63597182154,0.855274410231,1,0.570999396237,0.17828561883,16.90862302,-0.0673972246233,6,0,0,290.120774522
4.41,3.5010162228,1.63958789538,0.833320448033,1,0.570118182902,0.188821358995,16.9222408986,-0.0642974009144,6,0,0,276.367101031
4.42,3.50037170012,1.64382281106,0.826199370714,1,0.569731740473,0.168710905319,16.9407380065,-0.0649229940339,6,0,0,266.562080328
4.43,3.49970881283,1.64808998669,0.826199370714,1,0.569737371088,0.131810487278,16.9598178844,-0.0678484372359,6,0,0,260.665304615
4.44,3.49901122173,1.6521169884,0.826199370714,1,0.569963454608,0.090382768597,16.9774727883,-0.0717087971982,6,0,0,258.498572263
4.45,3.4982739054,1.65591477569,0.826199370714,1,0.570279933002,0.0506022106757,16.9937693705,-0.0757775392524,6,0,0,258.113866375
4.46,3.49749520301,1.65949565034,0.826199370714,1,0.570672274012,0.0128866062671,17.0087847678,-0.0799859676967,6,0,0,257.730297312
4.47,3.49667371893,1.66287105805,0.826199370714,1,0.571138223538,-0.0229272713841,17.0225904731,-0.0843338363405,6,0,0,257.347436093
4.48,3.49580805997,1.66605165427,0.826199370714,1,0.571675734048,-0.0569896171346,17.0352527783,-0.0888209022731,6,0,0,256.965251106
4.49,3.49489683538,1.66904736488,0.826199370714,1,0.572282946023,-0.0894386144505,17.0468331826,-0.093446923109,6,0,0,256.583734379
4.5,3.49393865682,1.67186744214,0.826199370714,1,0.572958171622,-0.120401396034,17.057388768,-0.0982116569514,6,0,0,256.202882591
4.51,3.49293213836,1.67452051609,0.826199370714,1,0.573699879918,-0.149994927817,17.066972545,-0.103114862385,6,0,0,255.822693809
4.52,3.4918758965,1.67701464199,0.826199370714,1,0.574506683523,-0.178326822299,17.0756337709,-0.108156298473,6,0,0,255.443166542
4.53,3.49076855013,1.67935734398,0.826199370714,1,0.575377326469,-0.20549608681,17.0834182428,-0.11333572476,6,0,0,255.064299417
4.54,3.48960872054,1.68155565527,0.826199370714,1,0.576310673212,-0.231593811915,17.0903685666,-0.118652901266,6,0,0,254.686091107
4.55,3.48839503144,1.68361615518,0.826199370714,1,0.577305698646,-0.256703804743,17.0965244057,-0.124107588489,6,0,0,254.308540299
4.56,3.48712610891,1.68554500327,0.826199370714,1,0.578361479028,-0.280903171656,17.1019227088,-0.1296995474,6,0,0,253.931645688
4.57,3.48580058143,1.6873479708,0.826199370714,1,0.579477183723,-0.304262854302,17.1065979204,-0.135428539448,6,0,0,253.55540597
4.58,3.48441707986,1.68903046964,0.826199370714,1,0.58065206769,-0.326848122783,17.1105821741,-0.141294326551,6,0,0,253.179819847
4.59,3.48297423743,1.69059757899,0.826199370714,1,0.581885464634,-0.34871902937,17.113905471,-0.147296671102,6,0,0,252.804886022
4.6,3.48147068976,1.69205406997,0.826199370714,1,0.583176780768,-0.369930825921,17.1165958432,-0.153435335965,6,0,0,252.430603203
4.61,3.47990507483,1.6934044283,0.826199370714,1,0.58452548912,-0.390534347905,17.1186795048,-0.159710084472,6,0,0,252.056970098
4.62,3.47827603299,1.69465287516,0.826199370714,1,0.585931124335,-0.410576367707,17.1201809914,-0.166120680426,6,0,0,251.683985421
4.63,3.47658220693,1.69580338649,0.826199370714,1,0.587393277928,-0.430099919666,17.1211232872,-0.172666888098,6,0,0,251.311647887
4.64,3.47482224171,1.69685971072,0.879251598385,1,0.588911593951,-0.449144599106,17.1215279436,-0.179348472225,6,0,0,250.939956214
4.65,3.47299478476,1.69022777097,0.923126281398,1,0.591937968968,-0.467746837454,17.0794111461,-0.186165198009,6,0,0,250.568909124
4.66,3.47111737163,1.67367027461,0.957823419753,1,0.595263606277,-0.452549530627,17.0091104274,-0.18894300303,6,0,0,263.020789555
4.67,3.46923154612,1.65285839634,0.98334301345,1,0.598517637492,-0.408151238911,16.9226168343,-0.187918711872,6,0,0,273.215108409
4.68,3.46737122381,1.63167600913,0.999685062489,1,0.601514829903,-0.343456724085,16.8292338885,-0.183913409908,6,0,0,281.155615316
4.69,3.46556211675,1.61278093238,1.00684956687,1,0.604128590352,-0.266642195762,16.7363644695,-0.177746161109,6,0,0,286.849493164
4.7,3.46382186546,1.5976754963,1.0081374329,1,0.606306606845,-0.185209329536,16.6491968957,-0.170233474788,6,0,0,290.30295455
4.71,3.46216055826,1.58722485791,1.0081374329,1,0.60802025759,-0.105135336505,16.5716610065,-0.162076318954,6,0,0,291.87218808
4.72,3.46058117362,1.58076380448,1.0081374329,1,0.609373652657,-0.0313241903013,16.5037455306,-0.153901279044,6,0,0,291.740252773
4.73,3.45908234214,1.57736686044,1.0081374329,1,0.610433197363,0.0352282511239,16.4444046108,-0.145895465769,6,0,0,291.233219686
4.74,3.45766264669,1.57628826549,1.0081374329,1,0.611232820346,0.0949816173664,16.3926804488,-0.138074012477,6,0,0,290.727123679
4.75,3.45632024554,1.57635980483,1.0081374329,1,0.611801722469,0.148482833547,16.3477056953,-0.130436544281,6,0,0,290.222050407
4.76,3.45505330071,1.57658147759,1.0081374329,1,0.612167074349,0.196235068446,16.3086955226,-0.122982686583,6,0,0,289.718003476
4.77,3.45385997797,1.57693350327,1.0081374329,1,0.612354035089,0.238701230456,16.2749403654,-0.115712065648,6,0,0,289.214981811
4.78,3.45273844681,1.57739784867,1.0081374329,1,0.612385798858,0.276307188356,16.2457992761,-0.108624308605,6,0,0,288.712983433
4.79,3.45168688045,1.57795808477,1.0081374329,1,0.612283662744,0.309444734499,16.2206938414,-0.101719043454,6,0,0,288.21200608
4.8,3.45070345583,1.57859925519,1.0081374329,1,0.612067110171,0.338474310935,16.1991026167,-0.0949958990545,6,0,0,287.712047418
4.81,3.4497863536,1.57930775515,1.0081374329,1,0.611753905077,0.36372751746,16.180556033,-0.0884545051296,6,0,0,287.213105091
4.82,3.4489337581,1.58007122024,1.0081374329,1,0.611360192861,0.385509419008,16.1646317385,-0.0820944922615,6,0,0,286.715176744
4.83,3.44814385737,1.58087842412,1.0081374329,1,0.610900604889,0.404100668462,16.150950338,-0.0759154918896,6,0,0,286.218260025
4.84,3.44741484311,1.58171918447,1.0081374329,1,0.610388363963,0.419759459634,16.1391714972,-0.0699171363084,6,0,0,285.722352588
4.85,3.44674491071,1.58258427655,1.0081374329,1,0.609835388736,0.432723324011,16.1289903824,-0.064099058665,6,0,0,285.227452093
4.86,3.44613225923,1.58346535368,1.0081374329,1,0.609252395564,0.443210783755,16.1201344057,-0.0584608929569,6,0,0,284.733556206
4.87,3.44557509137,1.5843548742,1.0081374329,1,0.608648996636,0.451422872469,16.112360252,-0.0530022740301,6,0,0,284.2406626
4.88,3.44507161349,1.58524603429,1.0081374329,1,0.608033793603,0.457544534299,16.1054511634,-0.0477228375767,6,0,0,283.748768951
4.89,3.44462003557,1.58613270622,1.0081374329,1,0.607414466162,0.46174591111,16.0992144597,-0.0426222201323,6,0,0,283.257872944
4.9,3.44421857125,1.58700938164,1.0081374329,1,0.606797855294,0.464183526682,16.0934792744,-0.0377000590747,6,0,0,282.767972269
4.91,3.44386543777,1.58787111938,1.0081374329,1,0.606190041007,0.465001376179,16.0880944893,-0.0329559926208,6,0,0,282.279064622
4.92,3.44355885599,1.58871349756,1.0081374329,1,0.605596414577,0.464331928451,16.0829268504,-0.0283896598249,6,0,0,281.791147705
4.93,3.44329705038,1.58953256953,1.0081374329,1,0.605021745382,0.462297048163,16.0778592491,-0.0240007005765,6,0,0,281.304219227
4.94,3.44307824898,1.59032482338,1.0081374329,1,0.604470242478,0.459008844138,16.0727891561,-0.0197887555979,6,0,0,280.818276902
4.95,3.44290068347,1.59108714483,1.0081374329,1,0.603945611165,0.454570449852,16.0676271937,-0.0157534664423,6,0,0,280.333318449
4.96,3.44276258906,1.59181678298,1.0081374329,1,0.603451104756,0.449076741471,16.0622958363,-0.0118944754914,6,0,0,279.849341594
4.97,3.44266220455,1.59251131897,0.955327391438,1,0.602989571871,0.442614998457,16.0567282258,-0.00821142595344,6,0,0,279.36634407
4.98,3.44259777233,1.59469127582,0.917923267063,1,0.601989604503,0.435265511321,16.0661688746,-0.00470396186087,6,0,0,278.884323613
4.99,3.44254912323,1.59781801897,0.895925059773,1,0.601512181176,0.394545439297,16.0827521863,-0.00544131575071,6,0,0,265.903564064
5,3.44247532923,1.60135264482,0.888777435399,1,0.601560463192,0.32964640439,16.1025466636,-0.0096082407211,6,0,0,256.916060872
5.01,3.44234873524,1.60477776114,0.888777435399,1,0.602035673157,0.253021902436,16.1217587251,-0.0158898394215,6,0,0,251.491442863
5.02,3.44215409504,1.60786145408,0.888777435399,1,0.602772091798,0.175579640566,16.1386752747,-0.0230399031309,6,0,0,249.473000068
5.03,3.44188704402,1.61062664649,0.888777435399,1,0.60364099883,0.102704210572,16.1534491191,-0.0303935354744,6,0,0,249.085627344
5.04,3.44154575311,1.6130962886,0.888777435399,1,0.604625357186,0.0345334754127,16.1662343463,-0.0378878352636,6,0,0,248.699384025
5.05,3.44112881694,1.61529155252,0.888777435399,1,0.605720210601,-0.0293068731908,16.1771730305,-0.0455225440849,6,0,0,248.313878681
5.06,3.44063483271,1.61723197321,0.888777435399,1,0.606921071358,-0.0891612236552,16.1863961886,-0.0532974066249,6,0,0,247.929082943
5.07,3.44006240015,1.61893557834,0.888777435399,1,0.608223875195,-0.145346417849,16.1940246591,-0.0612121681356,6,0,0,247.544989035
5.08,3.43941012154,1.6204190077,0.888777435399,1,0.609624941472,-0.198153954576,16.2001699124,-0.0692665744051,6,0,0,247.161593727
5.09,3.4386766017,1.62169762319,0.888777435399,1,0.611120937532,-0.247852016957,16.2049347956,-0.0774603717485,6,0,0,246.778895039
5.1,3.43786044799,1.62278560992,0.888777435399,1,0.612708846773,-0.294687337676,16.2084142174,-0.0857933070079,6,0,0,246.396891377
5.11,3.43696027029,1.62369606932,0.888777435399,1,0.614385939975,-0.338886915,16.2106957792,-0.0942651275501,6,0,0,246.01558125
5.12,3.43597468102,1.62444110479,0.888777435399,1,0.61614974953,-0.380659591526,16.211860355,-0.102875581266,6,0,0,245.634963208
5.13,3.43490229509,1.62503190053,0.888777435399,1,0.617998046219,-0.42019750662,16.2119826253,-0.111624416568,6,0,0,245.255035812
5.14,3.43374172995,1.62547879407,0.888777435399,1,0.620004766385,-0.457677432668,16.2091457698,-0.12051138239,6,0,0,244.875797632
5.15,3.43249160554,1.62579134304,0.888777435399,1,0.622170349496,-0.493262004427,16.203376208,-0.129536228187,6,0,0,244.497247238
5.16,3.43115054433,1.6259783866,0.941835526909,1,0.624484942274,-0.52710085002,16.194971408,-0.13869870393,6,0,0,244.119383209
5.17,3.42971717124,1.61307552776,0.98572780144,1,0.628370726746,-0.559331631461,16.1473446014,-0.14799856011,6,0,0,243.742204123
5.18,3.42820746907,1.59220925005,1.02045425899,1,0.632614941295,-0.559393389632,16.074079538,-0.153599596196,6,0,0,255.150675025
5.19,3.42665949655,1.56736266519,1.04601489956,1,0.636946926067,-0.531588523879,15.9834036806,-0.155717921874,6,0,0,264.487514013
5.2,3.42510570538,1.54196548231,1.06240972315,1,0.641125613093,-0.481710049246,15.8835786607,-0.154798997783,6,0,0,272.702791456
5.21,3.42357338252,1.51894191176,1.06963872977,1,0.644937363219,-0.416637834517,15.7827577125,-0.151482071435,6,0,0,279.087666106
5.22,3.42208226603,1.50028104956,1.07096177883,1,0.648265543993,-0.344630539387,15.6875729273,-0.146647537888,6,0,0,282.986962178
5.23,3.4206431674,1.48657807689,1.07096177883,1,0.651123604199,-0.27346487254,15.6015029895,-0.141198134926,6,0,0,284.412087481
5.24,3.41925881785,1.47710268511,1.07096177883,1,0.653617023379,-0.207974208444,15.5245337597,-0.13574645064,6,0,0,284.24920842
5.25,3.41792789839,1.47091565058,1.07096177883,1,0.655810324433,-0.149112732458,15.4557246124,-0.130468508226,6,0,0,283.731905209
5.26,3.41664881761,1.4672579858,1.07096177883,1,0.657736032458,-0.0964648320991,15.3942123971,-0.125378648006,6,0,0,283.215615477
5.27,3.4154196967,1.46552077382,1.07096177883,1,0.659422210165,-0.049530216108,15.3392137675,-0.120476469328,6,0,0,282.700419448
5.28,3.41423866083,1.46521707929,1.07096177883,1,0.660895182289,-0.00784861991432,15.290018259,-0.115761571965,6,0,0,282.186320156
5.29,3.4131038392,1.46529951508,1.07096177883,1,0.662179526635,0.0290033921673,15.2459819469,-0.111233556654,6,0,0,281.673316189
5.3,3.41201336498,1.46547714205,1.07096177883,1,0.663298092402,0.0614153731954,15.206521638,-0.106892025104,6,0,0,281.161405246
5.31,3.41096537531,1.46573586131,1.07096177883,1,0.6642720401,0.0897457042358,15.1711095498,-0.102736579991,6,0,0,280.650584771
5.32,3.40995801132,1.46606284101,1.07096177883,1,0.665120898034,0.114324088139,15.1392684402,-0.0987668249613,6,0,0,280.140852144
5.33,3.40898941807,1.46644641219,1.07096177883,1,0.665862630993,0.135453843817,15.1105671471,-0.09498236462,6,0,0,279.632204731
5.34,3.40805774461,1.46687597302,1.07096177883,1,0.666513717508,0.153414016983,15.0846165067,-0.0913828045362,6,0,0,279.124639897
5.35,3.40716114389,1.46734190067,1.07096177883,1,0.667089232613,0.168461322021,15.0610656181,-0.0879677512366,6,0,0,278.618155013
5.36,3.4062977728,1.46783547044,1.07096177883,1,0.667602933624,0.180831928523,15.0395984245,-0.0847368122037,6,0,0,278.112747455
5.37,3.40546579217,1.46834878123,1.07096177883,1,0.668067346922,0.190743104883,15.0199305874,-0.0816895958734,6,0,0,277.608414608
5.38,3.40466336672,1.46887468719,1.07096177883,1,0.668493854151,0.198394730422,15.0018066259,-0.0788257116322,6,0,0,277.105153864
5.39,3.40388866508,1.46940673477,1.07096177883,1,0.668892776622,0.203970686529,14.9849973031,-0.0761447698146,6,0,0,276.60296262
5.4,3.40313985977,1.4699391049,1.07096177883,1,0.669273456978,0.207640136521,14.9692972347,-0.0736463817003,6,0,0,276.101838282
5.41,3.40241512719,1.47046655989,1.07096177883,1,0.669644337476,0.209558703104,14.9545227053,-0.0713301595122,6,0,0,275.601778263
5.42,3.40171264762,1.47098439453,1.07096177883,1,0.670013034415,0.209869551648,14.9405096721,-0.0691957164132,6,0,0,275.102779983
5.43,3.4010306052,1.47148839122,1.07096177883,1,0.670386408425,0.208704386789,14.9271119419,-0.067242666504,6,0,0,274.604840868
5.44,3.40036718791,1.47197477871,1.07096177883,1,0.670770630469,0.206184369314,14.9141995062,-0.0654706248206,6,0,0,274.107958352
5.45,3.39972058761,1.47244019421,1.07096177883,1,0.671171243495,0.202420959684,14.9016570213,-0.0638792073312,6,0,0,273.612129875
5.46,3.39908899996,1.47288164853,1.07096177883,1,0.671593219801,0.197516694083,14.8893824218,-0.0624680309345,6,0,0,273.117352886
5.47,3.39847062446,1.47329649409,1.07096177883,1,0.672041014181,0.19156589838,14.8772856546,-0.0612367134565,6,0,0,272.623624839
5.48,3.39786366444,1.47368239551,1.07096177883,1,0.672518613021,0.184655344977,14.8652875257,-0.0601848736482,6,0,0,272.130943195
5.49,3.39726632701,1.47403730264,1.07096177883,1,0.673029579503,0.1768648571,14.8533186476,-0.059312131183,6,0,0,271.639305424
5.5,3.39667682311,1.4743594257,1.07096177883,1,0.673577095133,0.16826786476,14.8413184811,-0.0586181066545,6,0,0,271.148708999
5.51,3.39609336744,1.47464721253,1.07096177883,1,0.674163997783,0.158931916227,14.8292344618,-0.0581024215735,6,0,0,270.659151405
5.52,3.39551417851,1.47489932766,1.07096177883,1,0.674792816486,0.148919148588,14.8170212053,-0.057764698366,6,0,0,270.170630129
5.53,3.39493747857,1.47511463313,1.07096177883,1,0.675465803186,0.138286720667,14.804639783,-0.0576045603704,6,0,0,269.683142668
5.54,3.39436149365,1.4752921708,1.07096177883,1,0.676184961666,0.127087211298,14.7920570643,-0.0576216318348,6,0,0,269.196686525
5.55,3.39378445353,1.47543114624,1.07096177883,1,0.676952073861,0.11536898575,14.779245118,-0.0578155379154,6,0,0,268.711259208
5.56,3.39320459175,1.47553091378,1.07096177883,1,0.67776872376,0.103176532829,14.7661806681,-0.0581859046729,6,0,0,268.226858235
5.57,3.39262014555,1.47559096298,1.07096177883,1,0.678636319085,0.0905507750191,14.7528446002,-0.0587323590709,6,0,0,267.743481128
5.58,3.39202935592,1.47561090604,1.07096177883,1,0.679556110927,0.0775293538002,14.7392215125,-0.0594545289731,6,0,0,267.261125417
5.59,3.39143046756,1.47542694906,1.07096177883,1,0.680529211522,0.0641468921545,14.7252993099,-0.0603520431408,6,0,0,266.779788638
5.6,3.39082172889,1.47490739751,1.07096177883,1,0.68155661031,0.0504352360631,14.7110688344,-0.0614245312306,6,0,0,266.299468336
5.61,3.39020139201,1.47410459402,1.07096177883,1,0.682639188434,0.036423676686,14.6965235317,-0.0626716237921,6,0,0,265.820162059
5.62,3.38956771273,1.47306218396,1.07096177883,1,0.683777731816,0.022139154767,14.6816591486,-0.0640929522652,6,0,0,265.341867363
5.63,3.38891895051,1.47181662283,1.07096177883,1,0.684972942943,0.0076064486864,14.6664734595,-0.0656881489776,6,0,0,264.864581813
5.64,3.38825336852,1.47039841695,1.07096177883,1,0.686225451465,-0.00715165253057,14.6509660194,-0.0674568471428,6,0,0,264.388302978
5.65,3.38756923356,1.46883314508,1.07096177883,1,0.687535823727,-0.0221141900462,14.6351379409,-0.0693986808576,6,0,0,263.913028434
5.66,3.38686481612,1.46714230009,1.07096177883,1,0.688904571333,-0.0372618887763,14.6189916928,-0.0715132850993,6,0,0,263.438755764
5.67,3.3861383903,1.46534398283,1.07096177883,1,0.69033215882,-0.0525770226706,14.6025309189,-0.0738002957239,6,0,0,262.965482557
5.68,3.38538823386,1.46345347428,1.07096177883,1,0.691819010547,-0.0680432907711,14.5857602749,-0.0762593494631,6,0,0,262.493206409
5.69,3.38461262818,1.46148370797,1.07096177883,1,0.693365516844,-0.0836457031859,14.5686852816,-0.0788900839227,6,0,0,262.021924923
5.7,3.38380985826,1.45944566,1.07096177883,1,0.694972039528,-0.0993704761845,14.5513121935,-0.0816921375794,6,0,0,261.551635708
5.71,3.38297821272,1.45734867161,1.07096177883,1,0.696638916811,-0.115204935687,14.5336478809,-0.084665149779,6,0,0,261.082336378
5.72,3.38211598376,1.45520071595,1.07096177883,1,0.698366467684,-0.131137428471,14.515699724,-0.087808760734,6,0,0,260.614024556
5.73,3.3812214672,1.45300861911,1.07096177883,1,0.700154995818,-0.147157240489,14.4974755189,-0.0911226115209,6,0,0,260.146697871
5.74,3.38029296243,1.45077824335,1.07096177883,1,0.702004793029,-0.163254521709,14.4789833932,-0.0946063440783,6,0,0,259.680353956
5.75,3.37932877241,1.44851463924,1.07096177883,1,0.70391614235,-0.179420216981,14.4602317318,-0.0982596012043,6,0,0,259.214990453
5.76,3.37832720369,1.44622217203,1.07096177883,1,0.70588932076,-0.195646002423,14.4412291096,-0.102082026554,6,0,0,258.750605009
5.77,3.37728656636,1.44390462701,1.07096177883,1,0.707924601579,-0.211924226905,14.4219842338,-0.106073264639,6,0,0,258.287195278
5.78,3.37620517406,1.44156529719,1.07096177883,1,0.710022256594,-0.228247858207,14.4025058907,-0.110232960821,6,0,0,257.824758921
5.79,3.37508134399,1.43920705663,1.07096177883,1,0.712182557916,-0.24461043349,14.3828029012,-0.114560761313,6,0,0,257.363293602
5.8,3.37391339687,1.43683242175,1.07096177883,1,0.714405779613,-0.261006013726,14.3628840799,-0.119056313178,6,0,0,256.902796996
5.81,3.37269965694,1.43444360278,1.07096177883,1,0.716692199137,-0.277429141777,14.3427582006,-0.123719264321,6,0,0,256.443266782
5.82,3.37143845197,1.4320425469,1.07096177883,1,0.719042098557,-0.293874803821,14.3224339655,-0.128549263494,6,0,0,255.984700644
5.83,3.37012811323,1.42963097469,1.07096177883,1,0.721455765634,-0.310338393873,14.3019199791,-0.133545960289,6,0,0,255.527096274
5.84,3.3687669755,1.42721041075,1.07096177883,1,0.723933494746,-0.326815681139,14.2812247258,-0.138709005136,6,0,0,255.070451369
5.85,3.36735337703,1.42478220977,1.07096177883,1,0.726475587675,-0.343302779981,14.2603565502,-0.144038049303,6,0,0,254.614763635
5.86,3.36588565958,1.42234757853,1.07096177883,1,0.72908235428,-0.359796122287,14.239323641,-0.149532744891,6,0,0,254.16003078
5.87,3.36436216837,1.41990759468,1.07096177883,1,0.731754113062,-0.376292432051,14.2181340175,-0.155192744834,6,0,0,253.706250521
5.88,3.36278125208,1.41746322276,1.07096177883,1,0.734491191633,-0.39278870199,14.1967955184,-0.161017702897,6,0,0,253.253420581
5.89,3.36114126286,1.41501532791,1.07096177883,1,0.737293927104,-0.409282172021,14.1753157926,-0.167007273671,6,0,0,252.801538687
5.9,3.3594405563,1.41256468766,1.12402581175,1,0.740162666398,-0.425770309475,14.153702292,-0.173161112573,6,0,0,252.350602575
5.91,3.35767749146,1.3982243757,1.16793591051,1,0.74480445048,-0.44225079088,14.0995795465,-0.179478875843,6,0,0,251.900609986
5.92,3.35586894649,1.37784639071,1.20269207512,1,0.749763513646,-0.42597850323,14.0246843766,-0.181867347796,6,0,0,264.025724728
5.93,3.35405537849,1.3555198701,1.22829430557,1,0.754606157594,-0.381386237465,13.9382340306,-0.180553099607,6,0,0,273.950044391
5.94,3.35226980127,1.33401375098,1.24474260186,1,0.759114781016,-0.317162823545,13.8473936138,-0.176339035242,6,0,0,281.670235839
5.95,3.35053719569,1.31519381895,1.25203696399,1,0.763139169321,-0.241302983894,13.7578674289,-0.170028183521,6,0,0,287.187651668
5.96,3.34887462587,1.30041530095,1.25339566152,1,0.766562956162,-0.161153732127,13.6745986213,-0.162422556889,6,0,0,290.504906047
5.97,3.34729102877,1.28990121078,1.25339566152,1,0.769425084102,-0.0837984430884,13.5998634641,-0.154364683081,6,0,0,291.499361822
5.98,3.3457878007,1.28290072924,1.25339566152,1,0.771850854295,-0.0132965664813,13.5332809784,-0.146389932936,6,0,0,291.125201884
5.99,3.34436290255,1.27861291525,1.25339566152,1,0.77390816283,0.0498774638907,13.4739845483,-0.138626144804,6,0,0,290.518226771
6,3.34301453868,1.27639269767,1.25339566152,1,0.775637142085,0.106232515476,13.4211827612,-0.131082988717,6,0,0,289.912676815
6.01,3.34174050546,1.27572376055,1.25339566152,1,0.777073526696,0.156318417209,13.3741582145,-0.123759925846,6,0,0,289.308601695
6.02,3.34053860465,1.2757760489,1.25339566152,1,0.778250747464,0.200641002604,13.3322610582,-0.116656418499,6,0,0,288.706000987
6.03,3.33940664338,1.27592699211,1.25339566152,1,0.779199927407,0.239665626537,13.2949030831,-0.109771930481,6,0,0,288.104871369
6.04,3.33834243412,1.27616217556,1.25339566152,1,0.779949913674,0.273820403547,13.261552305,-0.10310592709,6,0,0,287.505208972
6.05,3.3373437947,1.27646847909,1.25339566152,1,0.78052733756,0.303499187084,13.2317280086,-0.0966578751122,6,0,0,286.907009773
6.06,3.33640854826,1.27683397068,1.25339566152,1,0.780956695776,0.329064310444,13.204996209,-0.0904272428213,6,0,0,286.310269716
6.07,3.33553452327,1.27724780854,1.25339566152,1,0.78126044714,0.350849108411,13.180965499,-0.084413499971,6,0,0,285.714984743
6.08,3.33471955346,1.27770015116,1.25339566152,1,0.781459119781,0.36916023718,13.1592832496,-0.0786161177908,6,0,0,285.121150806
6.09,3.33396147787,1.27818207462,1.25339566152,1,0.78157142482,0.384279808674,13.1396321331,-0.0730345689822,6,0,0,284.528763869
6.1,3.3332581408,1.27868549651,1.25339566152,1,0.781614373225,0.396467354133,13.1217269444,-0.0676683277131,6,0,0,283.937819906
6.11,3.33260739179,1.27920310608,1.25339566152,1,0.781603393234,0.405961630595,13.105311693,-0.0625168696141,6,0,0,283.348314905
6.12,3.33200708563,1.27972829991,1.25339566152,1,0.781552446289,0.412982282875,13.0901569455,-0.0575796717731,6,0,0,282.760244868
6.13,3.33145508233,1.2802551229,1.25339566152,1,0.781474139928,0.417731372579,13.0760573966,-0.0528562127314,6,0,0,282.173605808
6.14,3.33094924709,1.28077821395,1.25339566152,1,0.781379836487,0.420394784793,13.0628296491,-0.0483459724788,6,0,0,281.588393749
6.15,3.33048745033,1.28129275607,1.25339566152,1,0.781279756801,0.421143522245,13.0503101864,-0.0440484324493,6,0,0,281.004604729
6.16,3.33006756763,1.2817944305,1.25339566152,1,0.781183078362,0.420134895929,13.0383535211,-0.0399630755164,6,0,0,280.422234799
6.17,3.32968747974,1.28227937456,1.25339566152,1,0.781098027628,0.417513620478,13.0268305045,-0.0360893859885,6,0,0,279.841280022
6.18,3.32934507255,1.28274414297,1.25339566152,1,0.781031966343,0.413412821909,13.0156267835,-0.0324268496048,6,0,0,279.261736472
6.19,3.3290382371,1.2831856722,1.25339566152,1,0.780991471857,0.40795496475,13.0046413934,-0.0289749535306,6,0,0,278.683600237
6.2,3.32876486955,1.28360124783,1.25339566152,1,0.780982411553,0.401252704993,12.993785474,-0.0257331863527,6,0,0,278.106867415
6.21,3.32852287115,1.28398847446,1.25339566152,1,0.781010011557,0.393409674812,12.9829810992,-0.0227010380754,6,0,0,277.531534119
6.22,3.32831014827,1.28434524817,1.25339566152,1,0.78107891996,0.384521204506,12.9721602102,-0.0198780001155,6,0,0,276.957596472
6.23,3.32812461233,1.28466973115,1.25339566152,1,0.781193264832,0.374674986682,12.9612636438,-0.0172635652985,6,0,0,276.385050609
6.24,3.32796417983,1.28496032845,1.25339566152,1,0.781356707303,0.363951687305,12.9502402475,-0.0148572278538,6,0,0,275.813892679
6.25,3.32782677234,1.28521566656,1.25339566152,1,0.78157249003,0.352425507869,12.939046074,-0.0126584834103,6,0,0,275.244118841
6.26,3.32771031642,1.28543457383,1.25339566152,1,0.781843481363,0.340164702581,12.9276436487,-0.0106668289925,6,0,0,274.675725267
6.27,3.32761274368,1.28561606245,1.25339566152,1,0.782172215502,0.327232054189,12.9160013029,-0.00888176301574,6,0,0,274.108708141
6.28,3.32753199076,1.2857593119,1.25339566152,1,0.782560928955,0.313685311725,12.9040925687,-0.00730278528182,6,0,0,273.543063658
6.29,3.32746599925,1.28586365377,1.25339566152,1,0.783011593584,0.299577593242,12.8918956285,-0.00592939697502,6,0,0,272.978788025
6.3,3.32741271576,1.28592855784,1.25339566152,1,0.783525946516,0.284957756322,12.8793928158,-0.00476110065759,6,0,0,272.415877461
6.31,3.32737009184,1.28595361931,1.25339566152,1,0.784105517169,0.269870738953,12.8665701623,-0.0037974002655,6,0,0,271.854328198
6.32,3.32733608402,1.28581796915,1.25339566152,1,0.784751651658,0.254357873127,12.8534169868,-0.00303780110418,6,0,0,271.294136478
6.33,3.32730865374,1.2853411261,1.25339566152,1,0.785465534789,0.238457173356,12.8399255232,-0.00248180984428,6,0,0,270.735298555
6.34,3.32728576738,1.28457639119,1.25339566152,1,0.786248209869,0.222203602103,12.8260905838,-0.00212893451739,6,0,0,270.177810695
6.35,3.32726539625,1.28356821061,1.25339566152,1,0.787100596519,0.205629313979,12.811909254,-0.00197868451188,6,0,0,269.621669175
6.36,3.32724551654,1.28235371018,1.25339566152,1,0.788023506683,0.188763880406,12.7973806174,-0.00203057056862,6,0,0,269.066870285
6.37,3.32722410932,1.28096395836,1.25339566152,1,0.789017658987,0.171634496308,12.7825055067,-0.00228410477685,6,0,0,268.513410325
6.38,3.32719916055,1.27942500635,1.25339566152,1,0.790083691618,0.154266170259,12.7672862793,-0.00273880056993,6,0,0,267.961285607
6.39,3.32716866104,1.27775874488,1.25339566152,1,0.791222173846,0.136681899427,12.7517266153,-0.00339417272126,6,0,0,267.410492455
6.4,3.32713060645,1.27598361061,1.25339566152,1,0.792433616333,0.118902830523,12.7358313353,-0.00424973734003,6,0,0,266.861027202
6.41,3.32708299727,1.27411516867,1.25339566152,1,0.793718480338,0.100948407864,12.7196062367,-0.00530501186717,6,0,0,266.312886196
6.42,3.3270238388,1.27216659356,1.25339566152,1,0.79507718593,0.0828365096031,12.7030579469,-0.00655951507116,6,0,0,265.766065794
6.43,3.32695114116,1.27014906631,1.25339566152,1,0.796510119298,0.0645835730523,12.6861937914,-0.00801276704397,6,0,0,265.220562365
6.44,3.32686291925,1.26807210283,1.25339566152,1,0.798017639259,0.0462047099844,12.6690216761,-0.00966428919694,6,0,0,264.676372288
6.45,3.32675719277,1.26594382561,1.25339566152,1,0.799600083029,0.0277138127077,12.6515499817,-0.0115136042567,6,0,0,264.133491954
6.46,3.32663198616,1.26377118871,1.25339566152,1,0.801257771348,0.00912365165607,12.6337874698,-0.0135602362611,6,0,0,263.591917767
6.47,3.32648532862,1.26156016438,1.25339566152,1,0.802991013005,-0.00955403482879,12.6157431988,-0.0158037105551,6,0,0,263.05164614
6.48,3.32631525411,1.25931589793,1.25339566152,1,0.804800108839,-0.0283084578975,12.5974264505,-0.018243553787,6,0,0,262.512673496
6.49,3.32611980129,1.2570428365,1.25339566152,1,0.80668535526,-0.0471297022014,12.5788466633,-0.0208792939039,6,0,0,261.974996272
6.5,3.32589701355,1.25474483624,1.25339566152,1,0.808647047346,-0.0660086559807,12.5600133745,-0.0237104601484,6,0,0,261.438610914
6.51,3.32564493898,1.25242525174,1.25339566152,1,0.810685481552,-0.0849369467451,12.5409361689,-0.0267365830537,6,0,0,260.90351388
6.52,3.32536163036,1.25008701059,1.25339566152,1,0.812800958077,-0.1039068821,12.521624634,-0.0299571944406,6,0,0,260.369701638
6.53,3.32504514512,1.24773267595,1.25339566152,1,0.814993782925,-0.122911395309,12.5020883203,-0.0333718274127,6,0,0,259.837170667
6.54,3.32469354539,1.24536449883,1.25339566152,1,0.817264269685,-0.141943995206,12.4823367077,-0.0369800163529,6,0,0,259.305917459
6.55,3.32430489794,1.24298446215,1.25339566152,1,0.819612741074,-0.160998720122,12.4623791753,-0.0407812969195,6,0,0,258.775938513
6.56,3.32387727415,1.24059431779,1.25339566152,1,0.822039530251,-0.180070095492,12.4422249761,-0.0447752060419,6,0,0,258.247230341
6.57,3.32340875006,1.23819561784,1.25339566152,1,0.824544981939,-0.199153094852,12.4218832154,-0.0489612819169,6,0,0,257.719789467
6.58,3.3228974063,1.23578974115,1.25339566152,1,0.827129453371,-0.218243103969,12.4013628322,-0.053339064005,6,0,0,257.193612423
6.59,3.3223413281,1.23337791572,1.25339566152,1,0.829793315086,-0.23733588782,12.3806725839,-0.0579080930261,6,0,0,256.668695754
6.6,3.32173860529,1.23096123788,1.25339566152,1,0.832536951574,-0.256427560233,12.3598210333,-0.0626679109559,6,0,0,256.145036013
6.61,3.32108733227,1.2285406886,1.25339566152,1,0.835360761816,-0.275514555944,12.3388165384,-0.0676180610221,6,0,0,255.622629767
6.62,3.32038560799,1.22611714746,1.25339566152,1,0.838265159699,-0.294593604893,12.3176672443,-0.0727580877001,6,0,0,255.10147359
6.63,3.31963153595,1.22369140466,1.25339566152,1,0.841250574347,-0.31366170858,12.2963810765,-0.0780875367099,6,0,0,254.581564069
6.64,3.31882322421,1.22126417137,1.30646571018,1,0.844317450359,-0.332716118307,12.2749657363,-0.0836059550116,6,0,0,254.062897801
6.65,3.31795878532,1.2123640609,1.35039385615,1,0.848687340705,-0.351754315163,12.2357984448,-0.0893128908018,6,0,0,253.545471393
6.66,3.31704799979,1.20002832042,1.38518009944,1,0.853334257814,-0.350146048839,12.1848666097,-0.0926294006629,6,0,0,260.950811596
6.67,3.31611550545,1.18648095165,1.41082444004,1,0.857952168967,-0.330688802677,12.1271321924,-0.0936987053809,6,0,0,266.966528764
6.68,3.31518124186,1.17329145644,1.42732687796,1,0.862381005317,-0.298863154092,12.0666166531,-0.0930273873346,6,0,0,271.591952738
6.69,3.31426010914,1.16155693017,1.43468741319,1,0.8665046152,-0.259709200351,12.0066230891,-0.0911217746579,6,0,0,274.829965965
6.7,3.31336192965,1.15203751378,1.43608220514,1,0.870240676642,-0.217848955869,11.9499094967,-0.0884863361012,6,0,0,276.684596002
6.71,3.31249154068,1.14492475777,1.43608220514,1,0.873599785084,-0.177519305206,11.8979198148,-0.085623619327,6,0,0,277.161817271
6.72,3.31164932688,1.13984450914,1.43608220514,1,0.876665490255,-0.141349535116,11.8505786928,-0.0828775911178,6,0,0,276.74601542
6.73,3.31083337935,1.1363345097,1.43608220514,1,0.879493772548,-0.109815450327,11.8073910837,-0.0803493258704,6,0,0,276.123015276
6.74,3.31004158182,1.13402197802,1.43608220514,1,0.882115847881,-0.0826155447738,11.7679037736,-0.0780474921794,6,0,0,275.501608288
6.75,3.30927167296,1.13260854367,1.43608220514,1,0.884558651219,-0.0593983043997,11.7317061231,-0.0759714925804,6,0,0,274.881837305
6.76,3.30852139742,1.13185626815,1.43608220514,1,0.88684717957,-0.0398403480894,11.698426345,-0.0741207310856,6,0,0,274.26370062
6.77,3.30778850578,1.13157622885,1.43608220514,1,0.889004560723,-0.0236441795346,11.6677280948,-0.0724946134972,6,0,0,273.647194066
6.78,3.30707075457,1.13158100352,1.43608220514,1,0.891052134133,-0.0105361164389,11.6393073501,-0.0710925474056,6,0,0,273.032312923
6.79,3.30636590624,1.13160941802,1.43608220514,1,0.893009540266,-0.00026438535152,11.6128895527,-0.069913942184,6,0,0,272.419052356
6.8,3.30567172911,1.13165498074,1.43608220514,1,0.894894815274,0.0074026310866,11.5882269941,-0.0689582089828,6,0,0,271.807407507
6.81,3.3049859974,1.13171182224,1.43608220514,1,0.89672448843,0.0126780066786,11.565096422,-0.0682247607229,6,0,0,271.197373521
6.82,3.3043064912,1.13177464341,1.43608220514,1,0.898513680262,0.0157577552041,11.5432968511,-0.0677130120904,6,0,0,270.588945558
6.83,3.30363099642,1.13183866781,1.43608220514,1,0.90027619977,0.0168221952684,11.5226475611,-0.0674223795304,6,0,0,269.982118793
6.84,3.30295730482,1.13189959781,1.43608220514,1,0.902024639443,0.0160372059645,11.5029862647,-0.0673522812407,6,0,0,269.376888416
6.85,3.30228321395,1.13195357436,1.43608220514,1,0.903770467148,0.0135553820812,11.4841674337,-0.0675021371664,6,0,0,268.773249635
6.86,3.30160652717,1.13199713994,1.43608220514,1,0.905524114206,0.00951709689462,11.4660607689,-0.0678713689939,6,0,0,268.171197673
6.87,3.3009250536,1.13202720457,1.43608220514,1,0.907295059168,0.00405147993641,11.4485498014,-0.0684594001448,6,0,0,267.57072777
6.88,3.30023660811,1.13204101456,1.43608220514,1,0.909091907016,-0.00272268345991,11.4315306149,-0.0692656557699,6,0,0,266.971835181
6.89,3.29953901135,1.13199699752,1.43608220514,1,0.910922463615,-0.0106961245764,11.4149106795,-0.0702895627441,6,0,0,266.374515177
6.9,3.29883008964,1.13177223175,1.43608220514,1,0.912793805383,-0.0197683299351,11.3986077857,-0.0715305496597,6,0,0,265.778763046
6.91,3.29810767505,1.1313783242,1.43608220514,1,0.914712344215,-0.029846840832,11.3825490727,-0.0729880468212,6,0,0,265.184574092
6.92,3.2973696053,1.1308265613,1.43608220514,1,0.916683887764,-0.0408466089095,11.3666701408,-0.0746614862392,6,0,0,264.591943633
6.93,3.29661372381,1.13012782487,1.43608220514,1,0.91871369524,-0.0526894032826,11.350914242,-0.0765503016249,6,0,0,264.000867005
6.94,3.29583787965,1.12929253448,1.43608220514,1,0.920806528913,-0.0653032650949,11.3352315426,-0.0786539283843,6,0,0,263.411339558
6.95,3.29503992751,1.12833061071,1.48915834042,1,0.922966701529,-0.0786220057111,11.31957845,-0.0809718036122,6,0,0,262.823356658
6.96,3.29421772772,1.12179570055,1.53310474627,1,0.926416127761,-0.0925847450536,11.2890551476,-0.0835033660872,6,0,0,262.236913688
6.97,3.29338017001,1.1145265756,1.56792142269,1,0.929600396858,-0.0876383484183,11.2548536794,-0.0838109139583,6,0,0,269.138580516
6.98,3.29254528368,1.10784585295,1.59360836967,1,0.932556637526,-0.0750799116015,11.2204008451,-0.0831174928404,6,0,0,271.386587529
6.99,3.29171929589,1.10194029969,1.61016558723,1,0.935390756329,-0.0608142314956,11.1865064924,-0.0820850819432,6,0,0,272.159968766
7,3.29090449998,1.0969271743,1.61759307534,1,0.938092037155,-0.0464070509011,11.153842208,-0.0808923266838,6,0,0,272.559393017
7.01,3.29010181427,1.09287847163,1.61902438705,1,0.940646279488,-0.0329539865565,11.1229801941,-0.0796747641497,6,0,0,272.587330694
7.02,3.28931080712,1.08974669644,1.61902438705,1,0.943065966411,-0.0214543014061,11.0941738445,-0.0785668433715,6,0,0,272.24679984
7.03,3.28852989508,1.08735595305,1.61902438705,1,0.945385589502,-0.0124917104014,11.0672908233,-0.07766106251,6,0,0,271.66625447
7.04,3.28775686198,1.0855225086,1.61902438705,1,0.947631107298,-0.00607401273475,11.0420978149,-0.0769837674057,6,0,0,271.029912906
7.05,3.28698944504,1.084099292,1.61902438705,1,0.949820733477,-0.00201975245514,11.0183829488,-0.0765377249981,6,0,0,270.395305685
7.06,3.28622533491,1.08296954606,1.67210667623,1,0.951970324876,-0.000134772424906,10.9959554111,-0.0763223000188,6,0,0,269.762440526
7.07,3.28546222859,1.08058830372,1.71607154377,1,0.954438551134,-0.000240463294004,10.9706861359,-0.0763368591017,6,0,0,269.131312857
7.08,3.28470093914,1.07751758591,1.75091898968,1,0.956949484748,0.00328325788741,10.943634545,-0.075898798587,6,0,0,270.599580404
7.09,3.28394618428,1.07419631115,1.77664901395,1,0.959430226656,0.00984548472112,10.9157473264,-0.0750456876539,6,0,0,271.698012903
7.1,3.2832014353,1.07095125673,1.79326161659,1,0.961845515231,0.0181280747256,10.8878335692,-0.0739119090561,6,0,0,272.428051964
7.11,3.28246882412,1.0680221121,1.80075679758,1,0.964169625298,0.0269254924687,10.8605849044,-0.072630951091,6,0,0,272.792205426
7.12,3.28174915275,1.06558142,1.80222503267,1,0.966385084972,0.0351365802321,10.8345929967,-0.0713353101959,6,0,0,272.793227821
7.13,3.28104190365,1.06366909927,1.80222503267,1,0.968501407596,0.0417569308077,10.810143254,-0.0701564005716,6,0,0,272.434123092
7.14,3.28034543128,1.06218640954,1.80222503267,1,0.970550662234,0.0461867285158,10.7871486702,-0.06918510655,6,0,0,271.838976648
7.15,3.27965746301,1.06101311516,1.80222503267,1,0.972556782631,0.0483914916871,10.7654196189,-0.0684476438684,6,0,0,271.187885212
7.16,3.27897568578,1.06005362716,1.80222503267,1,0.974535942958,0.0485270304727,10.7447841394,-0.0679467866034,6,0,0,270.53860915
7.17,3.27829773687,1.05923285694,1.85531353923,1,0.976502045304,0.0467642000194,10.7250878425,-0.0676818701053,6,0,0,269.891155706
7.18,3.27762126019,1.05710575701,1.89929705891,1,0.978813062613,0.043260170737,10.7024153772,-0.0676522317654,6,0,0,269.245519911
7.19,3.2769469507,1.05423258887,1.93417559171,1,0.981190136531,0.0434979395995,10.6778012074,-0.0671899089502,6,0,0,270.654373939
7.2,3.27627932164,1.05105153214,1.95994913762,1,0.983558383887,0.0468858262526,10.6521702285,-0.0663314437226,6,0,0,271.701758018
7.21,3.2756216706,1.04788994649,1.97661769666,1,0.98588093457,0.0521210807162,10.6263140636,-0.0652081786521,6,0,0,272.389102831
7.22,3.27497598611,1.04498894802,1.98418126881,1,0.988130679495,0.0580122432226,10.6009103363,-0.0639505725317,6,0,0,272.718882773
7.23,3.27434295706,1.04252299267,1.98568680816,1,0.990288951246,0.0634710327299,10.5765394292,-0.062688101411,6,0,0,272.693829977
7.24,3.27372198296,1.04053900454,1.98568680816,1,0.992363962799,0.0675048408623,10.5534908416,-0.0615491650672,6,0,0,272.316926951
7.25,3.27311135904,1.03894990447,1.98568680816,1,0.994386721664,0.0695135045851,10.5316975721,-0.0606230336932,6,0,0,271.707966908
7.26,3.27250876462,1.03764565667,1.98568680816,1,0.996380422173,0.0694504448276,10.5109907359,-0.059935781117,6,0,0,271.042953221
7.27,3.27191183386,1.03653873028,2.04332780816,1,0.998360446131,0.0674591720911,10.4912172437,-0.0594901857608,6,0,0,270.379834851
7.28,3.27131815367,1.03493202721,2.10096880816,1,1,0.0636994932539,10.4705282377,-0.0592855538945,6,0,0,269.718618791
7.29,3.27072673065,1.033201972,2.15860980816,1,1,0.0607915779555,10.4497498435,-0.0590120483743,6,0,0,270.012245825
7.3,3.27013797281,1.03137276516,2.21625080816,1,1,0.057905223554,10.4288919708,-0.0587649268949,6,0,0,269.895513517
7.31,3.26955146924,1.02946172516,2.27389180816,1,1,0.0549054758637,10.407957153,-0.0585608431207,6,0,0,269.776740463
7.32,3.26896678607,1.02748312162,2.33153280816,1,1,0.0517958542752,10.3869479833,-0.0584004910606,6,0,0,269.656064659
7.33,3.26838348249,1.02544871902,2.38917380816,1,1,0.0485796296125,10.3658670979,-0.0582845606007,6,0,0,269.533496035
7.34,3.26780111082,1.0233682225,2.44681480816,1,1,0.0452598253962,10.34471716,-0.0582137398316,6,0,0,269.409043144
7.35,3.26721921648,1.02124964422,2.50445580816,1,1,0.04183925343,10.3235008466,-0.0581887130734,6,0,0,269.282711839
7.36,3.2666373381,1.01911749264,2.56209680816,1,1,0.038320517289,10.3022695665,-0.0582101625568,6,0,0,269.154507526
7.37,3.2660549662,1.01718548983,2.61973780816,1,1,0.0346339022662,10.2815996063,-0.0582877842617,6,0,0,268.996752952
7.38,3.26547103441,1.01539891031,2.67737880816,1,1,0.0299201388762,10.2614119635,-0.0585306656628,6,0,0,268.50757447
7.39,3.26488377469,1.01371255201,2.73501980816,1,1,0.0241595282152,10.2416306944,-0.0589515406067,6,0,0,268.01892529
7.4,3.26429140826,1.01209096116,2.79266080816,1,1,0.0174376661814,10.2221880435,-0.0595501780787,6,0,0,267.530912435
7.41,3.26369215868,1.01050654769,2.79266080816,1,1,0.00983330843195,10.2030236802,-0.0603263461356,6,0,0,267.043536283
7.42,3.26308425181,1.00905253053,2.84575559162,1,1,0.00141890729371,10.1843958543,-0.0612798131936,6,0,0,266.556797768
7.43,3.26246571848,1.00757812364,2.889757942,1,1,-0.00818926238597,10.1659309247,-0.0624666453306,6,0,0,265.894115209
7.44,3.26183427612,1.00609163355,2.92466785929,1,1,-0.0185422360264,10.1476333766,-0.0638426596595,6,0,0,265.395566572
7.45,3.26118811631,1.00460070421,2.95048534349,1,1,-0.0295897907741,10.1295097386,-0.0654090263632,6,0,0,264.870080481
7.46,3.2605252862,1.00311110318,2.96721039462,1,1,-0.0413543939345,10.1115648498,-0.067175499666,6,0,0,264.317869856
7.47,3.25984373591,1.00162711034,2.97484301266,1,1,-0.0538559364391,10.0938020828,-0.0691517364184,6,0,0,263.739202212
7.48,3.25914131946,1.00015183219,2.9763862134,1,1,-0.0671119448938,10.0762235436,-0.0713472968397,6,0,0,263.134346507
7.49,3.25841579576,0.998681561814,2.9763862134,1,1,-0.0811377562473,10.058814196,-0.0737716427078,6,0,0,262.503568184
7.5,3.25766484311,0.997204485523,2.9763862134,1,1,-0.0959231412098,10.0415358548,-0.0764311933906,6,0,0,261.856179028
7.51,3.25688625074,0.995708944056,2.9763862134,1,1,-0.111410300028,10.0243468716,-0.0793263196549,6,0,0,261.206002597
7.52,3.25607752526,0.994186307715,2.9763862134,1,1,-0.127548529257,10.0072102167,-0.0824577013089,6,0,0,260.557719736
7.53,3.25523630757,0.992630557526,2.9763862134,1,1,-0.144280236543,9.99009359205,-0.0858246500122,6,0,0,259.911325211
7.54,3.25436024541,0.991037730377,2.9763862134,1,1,-0.161552455167,9.97296896353,-0.0894264797056,6,0,0,259.266812819
7.55,3.25344699341,0.989405470841,2.9763862134,1,1,-0.179316473988,9.95581213495,-0.0932625066099,6,0,0,258.624176321
7.56,3.252494213,0.987732669904,2.9763862134,1,1,-0.197527496926,9.93860236032,-0.097332049217,6,0,0,257.983409492
7.57,3.25149957243,0.98601917449,2.9763862134,1,1,-0.216144329692,9.92132199117,-0.101634428282,6,0,0,257.344506127
7.58,3.2504607467,0.984265554552,2.9763862134,1,1,-0.235129091575,9.90395615599,-0.106168966814,6,0,0,256.707460041
7.59,3.24937541762,0.982472916963,2.9763862134,1,1,-0.254446950291,9.88649246894,-0.11093499007,6,0,0,256.072265075
7.6,3.24824127368,0.980642757374,2.9763862134,1,1,-0.274065878039,9.86892076524,-0.115931825541,6,0,0,255.438915091
7.61,3.24705601013,0.978776842873,2.9763862134,1,1,-0.293956427077,9.85123286113,-0.121158802951,7,1,0,254.807403973
7.62,3.24581732889,0.976877119543,2.9763862134,1,1,-0.31409152325,9.8334223361,-0.126615254243,7,1,0,254.177725631
7.63,3.24452293854,0.974945640152,2.9763862134,1,1,-0.334446276037,9.81548433552,-0.132300513574,7,1,0,253.549873994
7.64,3.24317055433,0.972984508072,2.9763862134,1,1,-0.354997803797,9.79741539187,-0.138213917305,7,1,0,252.923843016
7.65,3.24175789813,0.970995834233,2.9763862134,1,1,-0.375725072988,9.77921326294,-0.144354803992,7,1,0,252.299626672
7.66,3.24028269839,0.968981704554,2.9763862134,1,1,-0.396608750258,9.76087678557,-0.15072251438,7,1,0,251.677218962
7.67,3.23874269018,0.966944155725,2.9763862134,1,1,-0.417631066362,9.74240574343,-0.157316391396,7,1,0,251.056613906
7.68,3.2371356151,0.964885157651,2.9763862134,1,1,-0.438775690969,9.72380074776,-0.164135780135,7,1,0,250.437805546
7.69,3.2354592213,0.962806601169,2.9763862134,1,1,-0.460027617485,9.70506312973,-0.171180027859,7,1,0,249.820787948
7.7,3.23371126344,0.960710289926,2.9763862134,1,1,-0.48137305709,9.68619484361,-0.178448483985,7,1,0,249.205555199
7.71,3.23188950269,0.958597935499,2.9763862134,1,1,-0.502799341252,9.66719837951,-0.185940500076,7,1,0,248.592101407
7.72,3.22999170668,0.956471155052,2.9763862134,1,1,-0.524294832039,9.64807668512,-0.193655429837,7,1,0,247.980420704
7.73,3.22801564949,0.954331470921,2.9763862134,1,1,-0.545848839606,9.62883309533,-0.201592629103,7,1,0,247.370507242
7.74,3.22595911165,0.95218031167,2.9763862134,1,1,-0.567451546291,9.60947126934,-0.209751455835,7,1,0,246.762355195
7.75,3.22381988007,0.950019014239,2.9763862134,1,1,-0.589093936769,9.58999513426,-0.218131270108,7,1,0,246.15595876
7.76,3.22159574808,0.947848826887,2.9763862134,1,1,-0.610767733809,9.57040883479,-0.226731434105,7,1,0,245.551312154
7.77,3.21928451535,0.945670912688,2.9763862134,1,1,-0.63246533916,9.55071668844,-0.235551312112,7,1,0,244.948409616
7.78,3.21688398791,0.943486353396,2.9763862134,1,1,-0.654179779174,9.53092314559,-0.244590270506,7,1,0,244.347245406
7.79,3.21439197813,0.941296153533,2.9763862134,1,1,-0.675904654771,9.51103275417,-0.253847677747,7,1,0,243.747813805
7.8,3.21180630466,0.93910124459,2.9763862134,1,1,-0.697634095415,9.49105012828,-0.263322904375,7,1,0,243.150109117
7.81,3.20912479245,0.936902489242,2.9763862134,1,1,-0.71936271677,9.47097992062,-0.273015322999,7,1,0,242.554125665
7.82,3.20634527271,0.934700685529,2.9763862134,1,1,-0.741085581739,9.45082679817,-0.282924308288,7,1,0,241.959857793
7.83,3.20346558288,0.93249657093,2.9763862134,1,1,-0.762798164628,9.43059542092,-0.293049236966,7,1,0,241.367299868
7.84,3.20048356664,0.930290826325,2.9763862134,1,1,-0.784496318168,9.41029042326,-0.303389487805,7,1,0,240.776446275
7.85,3.19739707387,0.928084079782,2.9763862134,1,1,-0.806176243188,9.38991639787,-0.313944441614,7,1,0,240.187291422
7.86,3.19420396062,0.925876910194,2.9763862134,1,1,-0.827834460698,9.36947788179,-0.324713481235,7,1,0,239.599829737
7.87,3.19090208911,0.923669850716,2.9763862134,1,1,-0.849467786224,9.34897934448,-0.335695991532,7,1,0,239.014055667
7.88,3.18748932772,0.921463392029,2.9763862134,1,1,-0.871073306177,9.32842517765,-0.346891359389,7,1,0,238.429963683
7.89,3.1839635509,0.919257985411,2.9763862134,1,1,-0.892648356131,9.30781968665,-0.358298973695,7,1,0,237.847548272
7.9,3.18032263926,0.917054045617,2.9763862134,1,1,-0.914190500828,9.2871670834,-0.369918225343,7,1,0,237.266803945
7.91,3.17656447944,0.91485195359,2.9763862134,1,1,-0.935697515782,9.26647148045,-0.381748507221,7,1,0,236.687725232
7.92,3.17268696419,0.912652058982,2.9763862134,1,1,-0.957167370364,9.24573688628,-0.393789214201,7,1,0,236.110306681
7.93,3.16868799226,0.910454682519,2.9763862134,1,1,-0.978598212232,9.2249672016,-0.406039743138,7,1,0,235.534542864
7.94,3.16456546844,0.908260118193,2.9763862134,1,1,-0.99998835301,9.20416621651,-0.418499492858,7,1,0,234.96042837
7.95,3.16031730352,0.906068635305,2.9763862134,1,1,-1.02133625511,9.18333760851,-0.431167864151,7,1,0,234.387957809
7.96,3.15594141427,0.90388048037,2.9763862134,1,1,-1.04264051963,9.16248494121,-0.444044259766,7,1,0,233.817125811
7.97,3.15143572343,0.901695878868,2.9763862134,1,1,-1.06389987515,9.14161166359,-0.457128084403,7,1,0,233.247927024
7.98,3.14679815968,0.899515036885,2.9763862134,1,1,-1.08511316755,9.12072110992,-0.470418744705,7,1,0,232.680356119
7.99,3.14202665762,0.89733814262,2.9763862134,1,1,-1.10627935052,9.0998165001,-0.483915649251,7,1,0,232.114407783
8,3.13711915776,0.895165367787,2.9763862134,1,1,-1.12739747687,9.07890094038,-0.49761820855,7,1,0,231.550076725
8.01,3.13207360648,0.892996868908,2.9763862134,1,1,-1.14846669058,9.05797742453,-0.511525835033,7,1,0,230.987357672
8.02,3.12688795604,0.890832788508,2.9763862134,1,1,-1.16948621944,9.03704883523,-0.525637943045,7,1,0,230.426245372
8.03,3.12156016456,0.88867325622,2.9763862134,1,1,-1.19045536825,9.01611794582,-0.539953948842,7,1,0,229.866734589
8.04,3.11608819596,0.886518389808,2.9763862134,1,1,-1.21137351268,8.99518742218,-0.554473270578,7,1,0,229.30882011
8.05,3.11047001998,0.884368296104,2.9763862134,1,1,-1.23224009347,8.97425982489,-0.569195328303,7,1,0,228.752496739
8.06,3.10470361216,0.882223071882,2.9763862134,1,1,-1.25305461119,8.95333761143,-0.584119543953,7,1,0,228.1977593
8.07,3.0987869538,0.880082804653,2.9763862134,1,1,-1.27381662144,8.9324231387,-0.599245341346,7,1,0,227.644602634
8.08,3.09271803196,0.87794757341,2.9763862134,1,1,-1.29452573032,8.91151866539,-0.614572146171,7,1,0,227.093021603
8.09,3.08649483942,0.875817449304,2.9763862134,1,1,-1.31518159042,8.89062635467,-0.630099385986,7,1,0,226.543011086
8.1,3.0801153747,0.873692496276,2.9763862134,1,1,-1.33578389696,8.86974827678,-0.645826490208,7,1,0,225.994565984
8.11,3.07357764198,0.871572771632,2.9763862134,1,1,-1.35633238439,8.84888641174,-0.661752890106,7,1,0,225.447681212
8.12,3.06687965115,0.869458326578,2.9763862134,1,1,-1.37682682316,8.82804265203,-0.677878018797,7,1,0,224.902351707
8.13,3.06001941775,0.867349206709,2.9763862134,1,1,-1.39726701682,8.80721880536,-0.694201311235,7,1,0,224.358572423
8.14,3.05299496297,0.865245452463,2.9763862134,1,1,-1.41765279927,8.78641659733,-0.71072220421,7,1,0,223.816338334
8.15,3.04580431359,0.863147099536,2.9763862134,1,1,-1.43798403232,8.76563767419,-0.727440136334,7,1,0,223.275644429
8.16,3.03844550203,0.861054179266,2.9763862134,1,1,-1.4582606034,8.74488360551,-0.744354548042,7,1,0,222.73648572
8.17,3.03091656629,0.858966718984,2.9763862134,1,1,-1.47848242343,8.72415588682,-0.76146488158,7,1,0,222.198857233
8.18,3.02321554993,0.856884742343,2.9763862134,1,1,-1.49864942492,8.70345594226,-0.778770581,7,1,0,221.662754013
8.19,3.01534050205,0.854808269612,2.9763862134,1,1,-1.51876156017,8.68278512715,-0.796271092156,7,1,0,221.128171126
8.2,3.00728947731,0.852737317955,2.9763862134,1,1,-1.53881879964,8.66214473052,-0.813965862691,7,1,0,220.595103651
8.21,2.99906053587,0.850671901683,2.9763862134,1,1,-1.55882113044,8.6415359776,-0.831854342038,7,1,0,220.06354669
8.22,2.99065174339,0.848612032488,2.9763862134,1,1,-1.57876855497,8.62096003222,-0.849935981408,7,1,0,219.533495359
8.23,2.98206117099,0.846557719654,2.9763862134,1,1,-1.5986610896,8.60041799921,-0.868210233786,7,1,0,219.004944795
8.24,2.97328689528,0.844508970261,2.9763862134,1,1,-1.61849876354,8.5799109267,-0.886676553926,7,1,0,218.477890148
8.25,2.96432699831,0.84246578936,2.9763862134,1,1,-1.63828161776,8.55943980836,-0.905334398338,7,1,0,217.952326591
8.26,2.95517956753,0.840428180144,2.9763862134,1,1,-1.65800970397,8.5390055856,-0.924183225292,7,1,0,217.428249311
8.27,2.94584269582,0.838396144102,2.9763862134,1,1,-1.67768308373,8.51860914967,-0.943222494801,7,1,0,216.905653514
8.28,2.93631448145,0.836369681159,2.9763862134,1,1,-1.69730182761,8.49825134373,-0.962451668624,7,1,0,216.384534422
8.29,2.92659302806,0.834348789805,2.9763862134,1,1,-1.71686601441,8.47793296484,-0.981870210251,7,1,0,215.864887276
8.3,2.91667644466,0.832333467219,2.9763862134,1,1,-1.73637573048,8.4576547659,-1.0014775849,7,1,0,215.346707333
8.31,2.90656284556,0.830323709375,2.9763862134,1,1,-1.75583106901,8.43741745749,-1.02127325952,7,1,0,214.829989868
8.32,2.89625035044,0.828319511146,2.9763862134,1,1,-1.77523212949,8.41722170968,-1.04125670277,7,1,0,214.314730172
8.33,2.88573708426,0.826320866396,2.9763862134,1,1,-1.79457901713,8.3970681538,-1.06142738502,7,1,0,213.800923555
8.34,2.87502117726,0.824327768067,2.9763862134,1,1,-1.81387184235,8.37695738408,-1.08178477835,7,1,0,213.288565342
8.35,2.86410076497,0.822340208255,2.9763862134,1,1,-1.83311072031,8.35688995926,-1.10232835652,7,1,0,212.777650876
8.36,2.85297398817,0.820358178287,2.9763862134,1,1,-1.85229577051,8.33686640418,-1.123057595,7,1,0,212.268175517
8.37,2.84163899286,0.818381668784,2.9763862134,1,1,-1.87142711637,8.31688721129,-1.14397197093,7,1,0,211.76013464
8.38,2.83009393028,0.816410669724,2.9763862134,1,1,-1.89050488487,8.29695284202,-1.16507096316,7,1,0,211.253523639
8.39,2.81833695687,0.8144451705,2.9763862134,1,1,-1.90952920621,8.27706372825,-1.18635405217,7,1,0,210.748337924
8.4,2.80636623425,0.812485159967,2.9763862134,1,1,-1.92850021352,8.2572202736,-1.20782072015,7,1,0,210.24457292
8.41,2.79417992921,0.810530626496,2.9763862134,1,1,-1.94741804258,8.23742285471,-1.22947045092,7,1,0,209.742224071
8.42,2.7817762137,0.808581558013,2.9763862134,1,1,-1.96628283154,8.21767182249,-1.25130272996,7,1,0,209.241286836
8.43,2.76915326479,0.806637942043,2.9763862134,1,1,-1.9850947207,8.19796750329,-1.27331704442,7,1,0,208.741756689
8.44,2.7563092647,0.804699765745,2.9763862134,1,1,-2.00385385227,8.17831020001,-1.29551288308,7,1,0,208.243629124
8.45,2.74324240073,0.802767015946,2.9763862134,1,1,-2.02256037021,8.15870019322,-1.31788973634,7,1,0,207.746899649
8.46,2.72995086528,0.800839679173,2.9763862134,1,1,-2.04121441998,8.1391377422,-1.34044709627,7,1,0,207.251563786
8.47,2.7164328558,0.798917741684,2.9763862134,1,1,-2.05981614845,8.11962308589,-1.36318445652,7,1,0,206.757617078
8.48,2.70268657484,0.797001189489,2.9763862134,1,1,-2.07836570367,8.10015644389,-1.38610131241,7,1,0,206.26505508
8.49,2.68871022993,0.795090008382,2.9763862134,1,1,-2.09686323476,8.08073801739,-1.40919716084,7,1,0,205.773873365
8.5,2.67450203367,0.793184183955,2.9763862134,1,1,-2.1153088918,8.06136798996,-1.43247150031,7,1,0,205.284067522
8.51,2.66006020366,0.791283701627,2.9763862134,1,1,-2.13370282566,8.04204652851,-1.45592383096,7,1,0,204.795633154
8.52,2.64538296245,0.789388546656,2.9763862134,1,1,-2.15204518793,8.02277378396,-1.4795536545,7,1,0,204.308565882
8.53,2.63046853763,0.78749870416,2.9763862134,1,1,-2.17033613078,8.00354989212,-1.50336047424,7,1,0,203.822861341
8.54,2.61531516169,0.785614159135,2.9763862134,1,1,-2.18857580692,7.98437497435,-1.52734379506,7,1,0,203.338515182
8.55,2.5999210721,0.783734896462,2.9763862134,1,1,-2.20676436945,7.96524913829,-1.55150312345,7,1,0,202.855523073
8.56,2.58428451125,0.781860900929,2.9763862134,1,1,-2.22490197183,7.94617247852,-1.57583796744,7,1,0,202.373880697
8.57,2.56840372642,0.77999215724,2.9763862134,1,1,-2.24298876778,7.92714507722,-1.60034783665,7,1,0,201.893583751
8.58,2.55227696982,0.778128650026,2.9763862134,1,1,-2.26102491125,7.90816700474,-1.62503224226,7,1,0,201.414627949
8.59,2.53590249851,0.776270363853,2.9763862134,1,1,-2.27901055629,7.88923832021,-1.64989069701,7,1,0,200.93700902
8.6,2.51927857444,0.774417283239,2.9763862134,1,1,-2.29694585706,7.8703590721,-1.67492271517,7,1,0,200.460722707
8.61,2.50240346439,0.772569392655,2.9763862134,1,1,-2.31483096776,7.85152929875,-1.70012781257,7,1,0,199.985764771
8.62,2.48527543999,0.770726676538,2.9763862134,1,1,-2.33266604257,7.83274902887,-1.7255055066,7,1,0,199.512130985
8.63,2.46789277767,0.768889119295,2.9763862134,1,1,-2.35045123561,7.81401828201,-1.75105531616,7,1,0,199.03981714
8.64,2.45025375868,0.767056705314,2.9763862134,1,1,-2.36818670091,7.79533706906,-1.77677676168,7,1,0,198.56881904
8.65,2.43235666906,0.765229418965,2.9763862134,1,1,-2.38587259238,7.77670539266,-1.80266936512,7,1,0,198.099132505
8.66,2.4141997996,0.763407244612,2.9763862134,1,1,-2.40350906374,7.75812324762,-1.82873264996,7,1,0,197.630753369
8.67,2.39578144587,0.761590166611,2.9763862134,1,1,-2.42109626854,7.73959062135,-1.8549661412,7,1,0,197.163677482
8.68,2.37709990817,0.759778169323,2.9763862134,1,1,-2.4386343601,7.72110749421,-1.88136936533,7,1,0,196.697900711
8.69,2.35815349154,0.75797123711,2.9763862134,1,1,-2.4561234915,7.70267383988,-1.90794185036,7,1,0,196.233418925
8.7,2.33894050572,0.756169354345,2.9763862134,1,1,-2.47356381552,7.68428962572,-1.93468312578,7,1,0,195.770228037
8.71,2.31945926515,0.754372505415,2.9763862134,1,1,-2.49095548468,7.66595481311,-1.96159272258,7,1,0,195.308323927
8.72,2.29970808895,0.75258067472,2.9763862134,1,1,-2.50829865119,7.64766935772,-1.98867017324,7,1,0,194.847702571
8.73,2.27968530093,0.750793846683,2.9763862134,1,1,-2.5255934669,7.62943320986,-2.01591501171,7,1,0,194.388359836
8.74,2.25938922953,0.749012005748,2.9763862134,1,1,-2.54284008336,7.61124631475,-2.04332677344,7,1,0,193.930291673
8.75,2.23881820782,0.747235136381,2.9763862134,1,1,-2.56003865173,7.59310861277,-2.07090499532,7,1,0,193.473494228
8.76,2.21797057353,0.745463223078,2.9763862134,1,1,-2.57718932283,7.57502003976,-2.09864921572,7,1,0,193.017962831
8.77,2.19684466895,0.743696250368,2.9763862134,1,1,-2.59429224685,7.55698052723,-2.12655897445,7,1,0,192.563695791
8.78,2.17543884102,0.741934202795,2.9763862134,1,1,-2.61134757457,7.5389900026,-2.15463381289,7,1,0,192.110680791
8.79,2.15375144121,0.740177064951,2.9763862134,1,1,-2.62835545505,7.52104838945,-2.18287327369,7,1,0,191.658932002
8.8,2.13178082559,0.73842482148,2.9763862134,1,1,-2.6453160363,7.50315560778,-2.2112769009,7,1,0,191.208424274
8.81,2.10952535476,0.736677457027,2.9763862134,1,1,-2.66222946908,7.48531157405,-2.23984424036,7,1,0,190.759166886
8.82,2.08698339386,0.734934956288,2.9763862134,1,1,-2.67909590092,7.46751620153,-2.26857483903,7,1,0,190.311151593
8.83,2.06415331257,0.733197304,2.9763862134,1,1,-2.69591547975,7.4497694004,-2.29746824539,7,1,0,189.864375131
8.84,2.04103348506,0.73146448494,2.9763862134,1,1,-2.71268835305,7.43207107799,-2.32652400935,7,1,0,189.418833586
8.85,2.01762228999,0.729736483925,2.9763862134,1,1,-2.72941466785,7.41442113889,-2.35574168223,7,1,0,188.97452306
8.86,1.99391811052,0.728013285813,2.9763862134,1,1,-2.74609457073,7.39681948513,-2.38512081677,7,1,0,188.531439674
8.87,1.96991933425,0.726294875506,2.9763862134,1,1,-2.76272820782,7.37926601632,-2.41466096712,7,1,0,188.089579563
8.88,1.94562435326,0.724581237948,2.9763862134,1,1,-2.77931572477,7.36176062984,-2.44436168881,7,1,0,187.648938875
8.89,1.92103156405,0.722872358129,2.9763862134,1,1,-2.7958572668,7.34430322091,-2.47422253882,7,1,0,187.209513772
8.9,1.89613936753,0.721168221083,2.9763862134,1,1,-2.81235297865,7.32689368275,-2.50424307546,7,1,0,186.77130043
8.91,1.87094616906,0.719468811886,2.9763862134,1,1,-2.82880300459,7.30953190671,-2.53442285849,7,1,0,186.33429504
8.92,1.84545037836,0.717774115665,2.9763862134,1,1,-2.84520748843,7.29221778238,-2.56476144902,7,1,0,185.898493802
8.93,1.81965040954,0.716084117589,2.9763862134,1,1,-2.86156657351,7.27495119771,-2.59525840954,7,1,0,185.463892935
8.94,1.79354468109,0.714398802874,2.9763862134,1,1,-2.87788040269,7.2577320391,-2.62591330392,7,1,0,185.030488667
8.95,1.76713161584,0.712718156784,2.9763862134,1,1,-2.89414911837,7.24056019149,-2.65672569741,7,1,0,184.598277242
8.96,1.74040964097,0.71104216463,2.9763862134,1,1,-2.91037286246,7.22343553851,-2.6876951566,7,1,0,184.167254915
8.97,1.71337718799,0.709370811768,2.9763862134,1,1,-2.92655177641,7.20635796251,-2.71882124947,7,1,0,183.737417957
8.98,1.6860326927,0.707704083604,2.9763862134,1,1,-2.9426860012,7.18932734468,-2.75010354533,7,1,0,183.30876265
8.99,1.65837459524,0.706041965591,2.9763862134,1,1,-2.95877567731,7.17234356513,-2.78154161486,7,1,0,182.881285289
9,1.63040134,0.704384443229,2.9763862134,1,1,-2.97482094478,7.15540650295,-2.81313503007,7,1,0,182.454982183
